,seen_m1,seen_m2,seen_m3,seen_m4,seen_m5,seen_m6,rate_m1,rate_m2,rate_m3,rate_m4,rate_m5,rate_m6,rate_han,rate_luke,rate_leia,rate_anakin,rate_obiwan,rate_palpatine,rate_vader,rate_lando,rate_boba,rate_c3p0,rate_r2d2,rate_jarjar,rate_padme,rate_yoda,house_income,edu,seen_any_Yes,fan_sw_No,fan_sw_Yes,shot_first_Greedo,shot_first_Han,shot_first_idk,know_eu_No,know_eu_Yes,fan_eu_No,fan_eu_Yes,fan_st_No,fan_st_Yes,gender_Female,gender_Male,region_1,region_2,region_3,region_4,region_5,region_6,region_7,region_8,region_9,age_min
2,1.0,1.0,1.0,1.0,1.0,1.0,1.0,2.0,3.0,4.0,5.0,6.0,1,1,1,1,1,0,0,0,0,0,0,0,0,0,0.0,12.0,1,1,0,0,0,1,1,0,0,0,1,0,0,1,0,0,0,0,0,0,0,1,0,18.0
3,1.0,1.0,1.0,1.0,1.0,1.0,5.0,6.0,1.0,2.0,4.0,3.0,2,2,2,2,2,1,2,1,-1,2,2,2,2,2,1.0,14.0,1,0,1,0,0,1,1,0,0,0,0,1,0,1,0,0,0,0,0,0,0,1,0,18.0
4,1.0,1.0,1.0,1.0,1.0,1.0,5.0,4.0,6.0,2.0,1.0,3.0,2,1,1,-1,2,-2,1,0,2,1,1,-2,1,1,1.0,14.0,1,0,1,1,0,0,0,1,1,0,1,0,0,1,0,0,0,0,0,0,0,1,0,18.0
5,1.0,1.0,1.0,1.0,1.0,1.0,1.0,4.0,3.0,6.0,5.0,2.0,2,2,2,2,2,0,2,0,1,1,1,1,0,2,0.0,16.0,1,0,1,0,1,0,0,1,1,0,0,1,0,1,0,0,1,0,0,0,0,0,0,18.0
8,1.0,1.0,1.0,1.0,1.0,1.0,5.0,4.0,6.0,2.0,1.0,3.0,2,-1,1,1,1,2,2,2,2,0,1,-2,-1,1,0.0,14.0,1,0,1,0,1,0,1,0,0,0,1,0,0,1,0,0,0,0,0,0,1,0,0,18.0
9,1.0,1.0,1.0,1.0,1.0,1.0,1.0,2.0,3.0,4.0,5.0,6.0,0,2,2,2,2,-1,2,-1,-1,2,2,2,-1,2,0.0,14.0,1,1,0,0,0,1,1,0,0,0,1,0,0,1,0,0,0,0,0,1,0,0,0,18.0
12,1.0,1.0,1.0,1.0,1.0,1.0,3.0,4.0,5.0,6.0,1.0,2.0,1,2,1,1,1,1,2,0,1,2,2,2,1,2,0.0,16.0,1,1,0,1,0,0,1,0,0,0,1,0,0,1,0,0,0,0,0,0,1,0,0,18.0
13,1.0,1.0,1.0,1.0,1.0,1.0,4.0,5.0,6.0,2.0,3.0,1.0,2,2,2,1,2,0,-2,0,0,2,2,0,2,2,1.0,19.0,1,0,1,0,0,1,1,0,0,0,1,0,0,1,0,0,0,1,0,0,0,0,0,30.0
15,1.0,1.0,1.0,1.0,1.0,1.0,4.0,6.0,5.0,3.0,1.0,2.0,2,1,1,-1,2,1,2,1,2,-1,0,-2,-2,1,0.0,14.0,1,0,1,0,1,0,0,1,0,1,0,1,0,1,0,0,0,0,0,0,0,0,1,18.0
16,1.0,1.0,1.0,1.0,1.0,1.0,4.0,1.0,2.0,3.0,5.0,6.0,0,1,-1,0,-2,1,-1,0,1,0,-1,0,-1,-2,1.0,16.0,1,0,1,0,1,0,0,1,0,1,1,0,0,1,0,0,0,0,1,0,0,0,0,18.0
19,1.0,1.0,1.0,1.0,1.0,1.0,6.0,5.0,1.0,4.0,3.0,2.0,2,1,2,2,1,-1,2,-2,2,1,2,-1,2,2,1.0,14.0,1,0,1,1,0,0,1,0,0,0,0,1,0,1,0,0,0,0,0,0,0,1,0,18.0
22,1.0,1.0,1.0,1.0,1.0,1.0,6.0,5.0,4.0,3.0,1.0,2.0,2,2,2,0,2,-2,1,1,-1,2,2,-2,0,2,1.0,16.0,1,0,1,1,0,0,0,1,0,1,0,1,0,1,0,0,0,0,0,0,1,0,0,18.0
23,1.0,1.0,1.0,1.0,1.0,1.0,6.0,1.0,4.0,2.0,3.0,5.0,2,1,1,-1,1,1,2,0,0,1,2,1,0,2,0.0,16.0,1,0,1,0,1,0,1,0,0,0,1,0,0,1,0,0,0,0,0,1,0,0,0,18.0
26,1.0,1.0,1.0,1.0,1.0,1.0,4.0,6.0,5.0,2.0,3.0,1.0,2,1,1,1,2,1,1,1,2,2,2,-2,1,2,1.0,14.0,1,0,1,1,0,0,0,1,1,0,1,0,0,1,0,0,0,0,0,0,1,0,0,18.0
29,1.0,1.0,1.0,1.0,1.0,1.0,4.0,6.0,5.0,2.0,1.0,3.0,2,2,2,-2,2,2,2,2,2,2,2,0,-2,2,1.0,14.0,1,0,1,0,1,0,0,1,0,1,0,1,0,1,1,0,0,0,0,0,0,0,0,18.0
30,1.0,1.0,1.0,1.0,1.0,1.0,4.0,3.0,5.0,6.0,2.0,1.0,0,0,0,0,1,0,1,1,1,1,1,-1,0,1,0.0,12.0,1,1,0,0,0,1,1,0,0,0,1,0,0,1,0,0,0,0,1,0,0,0,0,30.0
31,1.0,1.0,1.0,1.0,1.0,1.0,6.0,5.0,4.0,2.0,1.0,3.0,2,2,2,2,2,2,2,2,2,2,2,-2,2,2,1.0,14.0,1,0,1,0,1,0,0,1,0,1,0,1,0,1,0,0,0,0,0,0,0,1,0,30.0
33,1.0,1.0,1.0,1.0,1.0,1.0,6.0,1.0,2.0,3.0,4.0,5.0,0,0,0,0,0,0,0,0,0,0,0,0,0,0,1.0,12.0,1,1,0,0,1,0,1,0,0,0,1,0,0,1,0,0,0,1,0,0,0,0,0,18.0
35,1.0,1.0,1.0,1.0,1.0,1.0,6.0,3.0,4.0,1.0,2.0,5.0,2,2,2,2,2,1,1,0,2,2,2,-2,2,2,1.0,19.0,1,0,1,0,1,0,1,0,0,0,1,0,0,1,1,0,0,0,0,0,0,0,0,30.0
36,1.0,1.0,1.0,1.0,1.0,1.0,3.0,2.0,1.0,4.0,6.0,5.0,1,0,0,2,1,0,1,0,0,0,0,0,0,0,0.0,16.0,1,0,1,1,0,0,1,0,0,0,1,0,0,1,0,0,0,0,0,0,0,1,0,18.0
38,1.0,1.0,1.0,1.0,1.0,1.0,6.0,3.0,5.0,1.0,4.0,2.0,1,1,1,1,1,1,1,1,1,1,1,0,1,1,1.0,16.0,1,0,1,0,1,0,0,1,1,0,0,1,0,1,0,0,1,0,0,0,0,0,0,30.0
39,1.0,1.0,1.0,1.0,1.0,1.0,4.0,5.0,6.0,3.0,2.0,1.0,2,2,2,1,2,-1,2,1,2,2,2,0,2,2,0.0,12.0,1,0,1,1,0,0,0,1,0,1,0,1,0,1,0,0,0,0,0,0,0,1,0,30.0
40,1.0,1.0,1.0,1.0,1.0,1.0,5.0,6.0,2.0,3.0,4.0,1.0,2,2,2,0,2,1,2,2,0,2,2,-2,0,2,1.0,19.0,1,0,1,0,1,0,1,0,0,0,0,1,0,1,0,0,1,0,0,0,0,0,0,30.0
41,1.0,1.0,1.0,1.0,1.0,1.0,6.0,5.0,4.0,2.0,1.0,3.0,2,2,2,1,2,1,2,2,2,1,1,1,1,2,1.0,19.0,1,0,1,0,1,0,0,1,0,1,1,0,0,1,0,0,0,0,0,1,0,0,0,30.0
42,1.0,1.0,1.0,1.0,1.0,1.0,5.0,6.0,4.0,2.0,1.0,3.0,2,2,2,1,2,1,1,1,2,-1,1,-2,1,0,0.0,16.0,1,0,1,1,0,0,0,1,0,1,1,0,0,1,0,0,0,0,0,0,0,1,0,18.0
43,1.0,1.0,1.0,1.0,1.0,1.0,6.0,5.0,4.0,2.0,1.0,3.0,2,2,2,1,2,1,2,1,1,2,2,-2,2,2,1.0,16.0,1,0,1,0,1,0,0,1,0,1,0,1,0,1,0,0,0,0,0,1,0,0,0,18.0
44,1.0,1.0,1.0,1.0,1.0,1.0,5.0,6.0,4.0,3.0,2.0,1.0,2,2,2,1,1,1,1,1,1,1,1,0,-1,1,0.0,12.0,1,0,1,0,1,0,0,1,1,0,1,0,0,1,0,0,0,0,1,0,0,0,0,18.0
47,1.0,1.0,1.0,1.0,1.0,1.0,5.0,4.0,6.0,3.0,1.0,2.0,2,2,2,-1,2,-2,-2,-1,-2,2,2,2,2,2,1.0,14.0,1,0,1,0,1,0,0,1,0,1,0,1,0,1,0,0,0,0,0,0,0,1,0,30.0
48,1.0,1.0,1.0,1.0,1.0,1.0,6.0,5.0,4.0,1.0,2.0,3.0,2,2,2,0,1,0,-1,0,-1,1,1,-2,0,2,1.0,14.0,1,1,0,1,0,0,1,0,0,0,1,0,0,1,0,0,0,0,0,1,0,0,0,18.0
50,1.0,1.0,1.0,1.0,1.0,1.0,4.0,6.0,5.0,3.0,1.0,2.0,2,1,2,1,2,1,2,0,2,0,2,-2,1,2,1.0,16.0,1,0,1,1,0,0,1,0,0,0,0,1,0,1,0,0,0,1,0,0,0,0,0,18.0
52,1.0,1.0,1.0,1.0,1.0,1.0,4.0,5.0,1.0,6.0,2.0,3.0,2,2,2,2,2,1,2,2,1,1,2,1,1,2,1.0,14.0,1,0,1,0,0,1,1,0,0,0,0,1,0,1,0,0,0,0,0,0,0,0,1,30.0
53,1.0,1.0,1.0,1.0,1.0,1.0,5.0,6.0,4.0,2.0,1.0,3.0,2,2,2,1,1,1,1,1,1,1,1,-1,-2,1,0.0,12.0,1,0,1,0,1,0,0,1,1,0,1,0,0,1,0,0,0,0,1,0,0,0,0,18.0
54,1.0,1.0,1.0,1.0,1.0,1.0,6.0,5.0,4.0,2.0,1.0,3.0,2,1,1,1,2,1,2,1,2,0,1,0,0,1,1.0,14.0,1,0,1,1,0,0,1,0,0,0,1,0,0,1,0,0,0,1,0,0,0,0,0,18.0
56,1.0,1.0,1.0,1.0,1.0,1.0,4.0,6.0,5.0,2.0,1.0,3.0,2,2,2,1,2,2,2,2,2,2,2,-2,1,2,1.0,16.0,1,0,1,0,1,0,1,0,0,0,1,0,0,1,0,0,0,0,0,0,0,0,1,18.0
57,1.0,1.0,1.0,1.0,1.0,1.0,6.0,4.0,5.0,3.0,1.0,2.0,2,1,1,0,0,0,1,0,1,2,1,-2,-1,1,1.0,19.0,1,0,1,0,1,0,1,0,0,0,0,1,0,1,0,0,0,0,0,0,0,1,0,18.0
58,1.0,1.0,1.0,1.0,1.0,1.0,6.0,4.0,5.0,3.0,1.0,2.0,2,2,2,-2,2,1,2,2,2,2,2,-2,2,2,0.0,12.0,1,0,1,0,1,0,0,1,0,1,1,0,0,1,0,0,0,0,1,0,0,0,0,18.0
59,1.0,1.0,1.0,1.0,1.0,1.0,5.0,4.0,6.0,1.0,3.0,2.0,1,1,1,1,2,0,-2,0,2,-1,2,-2,1,1,1.0,16.0,1,1,0,0,0,1,1,0,0,0,1,0,0,1,0,0,0,0,0,1,0,0,0,18.0
60,1.0,1.0,1.0,1.0,1.0,1.0,5.0,6.0,2.0,3.0,1.0,4.0,2,2,2,-1,1,0,2,-1,2,-2,1,0,0,0,1.0,16.0,1,0,1,1,0,0,0,1,1,0,1,0,0,1,0,0,0,0,0,1,0,0,0,18.0
61,1.0,1.0,1.0,1.0,1.0,1.0,1.0,2.0,3.0,4.0,5.0,6.0,0,-1,1,0,-1,0,0,0,0,0,0,0,0,0,1.0,19.0,1,0,1,1,0,0,1,0,0,0,0,1,0,1,0,0,0,0,0,1,0,0,0,30.0
62,1.0,1.0,1.0,1.0,1.0,1.0,4.0,5.0,6.0,2.0,1.0,3.0,2,2,2,1,2,1,2,2,2,1,2,0,0,2,1.0,14.0,1,0,1,0,1,0,0,1,0,1,1,0,0,1,0,0,0,0,1,0,0,0,0,18.0
63,1.0,1.0,1.0,1.0,1.0,1.0,6.0,5.0,4.0,2.0,1.0,3.0,2,2,2,-1,2,-2,-1,-1,-1,2,2,-2,1,2,1.0,14.0,1,0,1,1,0,0,1,0,0,0,1,0,0,1,0,0,0,0,0,1,0,0,0,30.0
64,1.0,1.0,1.0,1.0,1.0,1.0,1.0,2.0,3.0,4.0,5.0,6.0,1,1,1,1,2,0,2,0,0,0,1,0,0,1,0.0,14.0,1,1,0,0,0,1,1,0,0,0,1,0,0,1,0,0,0,0,0,1,0,0,0,18.0
65,1.0,1.0,1.0,1.0,1.0,1.0,6.0,5.0,4.0,2.0,1.0,3.0,1,0,1,0,1,-1,2,1,2,1,2,-1,1,2,1.0,14.0,1,0,1,0,1,0,0,1,0,1,0,1,0,1,0,1,0,0,0,0,0,0,0,18.0
66,1.0,1.0,1.0,1.0,1.0,1.0,6.0,1.0,5.0,3.0,4.0,2.0,2,2,2,1,2,2,2,2,2,2,2,-1,1,2,1.0,14.0,1,0,1,1,0,0,0,1,0,1,1,0,0,1,0,0,0,0,0,0,1,0,0,18.0
67,1.0,1.0,1.0,1.0,1.0,1.0,6.0,5.0,2.0,4.0,3.0,1.0,2,2,2,1,2,0,2,0,1,1,1,-2,0,1,0.0,19.0,1,1,0,0,0,1,1,0,0,0,1,0,0,1,0,1,0,0,0,0,0,0,0,18.0
68,1.0,1.0,1.0,1.0,1.0,1.0,5.0,6.0,4.0,2.0,1.0,3.0,2,1,1,-2,2,2,2,2,1,0,0,-2,-1,1,0.0,14.0,1,0,1,0,1,0,0,1,0,1,0,1,0,1,0,1,0,0,0,0,0,0,0,18.0
69,1.0,1.0,1.0,1.0,1.0,1.0,4.0,5.0,3.0,6.0,2.0,1.0,2,2,2,-1,0,1,2,2,0,2,-2,0,2,2,1.0,19.0,1,0,1,1,0,0,1,0,0,0,0,1,0,1,0,0,0,0,0,0,0,1,0,30.0
70,1.0,1.0,1.0,1.0,1.0,1.0,6.0,4.0,5.0,2.0,1.0,3.0,2,1,2,-1,2,0,1,1,1,2,2,0,-1,1,1.0,19.0,1,0,1,0,1,0,1,0,0,0,0,1,0,1,0,0,0,0,0,0,0,1,0,30.0
71,1.0,1.0,1.0,1.0,1.0,1.0,6.0,5.0,4.0,3.0,2.0,1.0,2,1,1,1,1,1,1,0,1,1,2,-2,1,2,1.0,16.0,1,0,1,0,1,0,1,0,0,0,0,1,0,1,0,0,0,0,0,0,0,1,0,18.0
72,1.0,1.0,1.0,1.0,1.0,1.0,5.0,6.0,2.0,4.0,1.0,3.0,2,2,2,1,2,2,2,2,2,2,2,-2,2,2,1.0,19.0,1,0,1,1,0,0,0,1,1,0,0,1,0,1,0,0,0,0,0,0,1,0,0,18.0
73,1.0,1.0,1.0,1.0,1.0,1.0,4.0,5.0,6.0,1.0,2.0,3.0,2,2,2,2,2,2,2,0,2,2,2,2,2,2,0.0,16.0,1,0,1,1,0,0,1,0,0,0,0,1,0,1,0,0,1,0,0,0,0,0,0,18.0
74,1.0,1.0,1.0,1.0,1.0,1.0,4.0,5.0,6.0,2.0,3.0,1.0,2,1,2,0,1,0,0,0,-1,2,2,2,1,2,1.0,12.0,1,1,0,0,0,1,1,0,0,0,1,0,0,1,0,0,0,0,0,1,0,0,0,30.0
75,1.0,1.0,1.0,1.0,1.0,1.0,3.0,4.0,5.0,6.0,1.0,2.0,2,2,2,2,2,0,1,0,-1,2,2,-1,-1,2,1.0,14.0,1,0,1,1,0,0,1,0,0,0,0,1,0,1,1,0,0,0,0,0,0,0,0,30.0
76,1.0,1.0,1.0,1.0,1.0,1.0,3.0,4.0,5.0,6.0,1.0,2.0,1,2,2,1,1,0,-1,0,-1,1,1,1,0,2,1.0,16.0,1,1,0,1,0,0,1,0,0,0,1,0,0,1,0,0,0,0,0,0,0,0,1,30.0
78,1.0,1.0,1.0,1.0,1.0,1.0,5.0,4.0,6.0,1.0,2.0,3.0,2,2,2,1,2,0,2,1,2,1,2,-2,0,1,1.0,16.0,1,0,1,0,1,0,0,1,1,0,1,0,0,1,0,0,0,0,0,0,0,1,0,30.0
79,1.0,1.0,1.0,1.0,1.0,1.0,6.0,5.0,4.0,1.0,2.0,3.0,2,2,2,-1,2,0,-2,1,-2,1,1,-2,2,2,1.0,19.0,1,0,1,0,1,0,1,0,0,0,1,0,0,1,1,0,0,0,0,0,0,0,0,30.0
81,1.0,1.0,1.0,1.0,1.0,1.0,6.0,5.0,4.0,3.0,2.0,1.0,1,1,1,0,1,0,1,0,0,1,1,0,0,1,1.0,14.0,1,1,0,0,0,1,1,0,0,0,1,0,0,1,0,0,0,0,0,0,1,0,0,60.0
83,1.0,1.0,1.0,1.0,1.0,1.0,6.0,5.0,4.0,2.0,3.0,1.0,2,2,2,1,2,-2,-2,2,-2,2,2,-2,2,2,1.0,19.0,1,0,1,1,0,0,1,0,0,0,0,1,0,1,1,0,0,0,0,0,0,0,0,60.0
85,1.0,1.0,1.0,1.0,1.0,1.0,6.0,5.0,3.0,2.0,1.0,4.0,2,2,2,2,2,2,2,1,1,2,2,-2,1,2,0.0,14.0,1,0,1,0,1,0,1,0,0,0,0,1,0,1,1,0,0,0,0,0,0,0,0,30.0
88,1.0,1.0,1.0,1.0,1.0,1.0,1.0,4.0,3.0,6.0,5.0,2.0,2,1,1,0,1,0,0,0,-1,0,1,-1,0,2,1.0,19.0,1,1,0,1,0,0,0,1,1,0,0,1,0,1,1,0,0,0,0,0,0,0,0,60.0
90,1.0,1.0,1.0,1.0,1.0,1.0,5.0,4.0,6.0,2.0,3.0,1.0,2,0,0,0,0,0,1,0,0,-1,0,-2,0,1,0.0,16.0,1,1,0,0,1,0,1,0,0,0,1,0,0,1,0,0,0,0,0,1,0,0,0,30.0
93,1.0,1.0,1.0,1.0,1.0,1.0,1.0,2.0,3.0,4.0,5.0,6.0,0,1,1,2,2,0,2,-1,0,2,2,0,0,0,1.0,12.0,1,0,1,1,0,0,0,1,1,0,1,0,0,1,0,0,0,0,0,1,0,0,0,30.0
94,1.0,1.0,1.0,1.0,1.0,1.0,6.0,5.0,4.0,3.0,2.0,1.0,2,2,2,2,2,-2,-2,0,0,2,2,0,0,2,1.0,12.0,1,0,1,0,0,1,1,0,0,0,0,1,0,1,0,0,0,0,0,0,1,0,0,60.0
95,1.0,1.0,1.0,1.0,1.0,1.0,1.0,4.0,5.0,2.0,3.0,6.0,2,2,0,1,2,0,2,2,0,2,2,0,0,2,1.0,16.0,1,0,1,0,1,0,1,0,0,0,0,1,0,1,0,0,0,0,0,0,0,0,1,60.0
97,1.0,1.0,1.0,1.0,1.0,1.0,6.0,5.0,4.0,1.0,3.0,2.0,2,2,2,1,2,2,2,1,2,2,2,-2,1,2,1.0,16.0,1,0,1,1,0,0,1,0,0,0,1,0,0,1,1,0,0,0,0,0,0,0,0,30.0
98,1.0,1.0,1.0,1.0,1.0,1.0,3.0,5.0,6.0,2.0,1.0,4.0,2,2,1,1,2,-1,2,-1,0,2,2,-1,1,2,1.0,16.0,1,0,1,0,0,1,1,0,0,0,1,0,0,1,0,0,1,0,0,0,0,0,0,30.0
99,1.0,1.0,1.0,1.0,1.0,1.0,1.0,2.0,3.0,4.0,5.0,6.0,2,2,2,0,0,0,2,0,0,2,2,0,0,2,1.0,16.0,1,1,0,1,0,0,1,0,0,0,1,0,0,1,1,0,0,0,0,0,0,0,0,60.0
100,1.0,1.0,1.0,1.0,1.0,1.0,2.0,3.0,6.0,5.0,1.0,4.0,2,2,2,2,2,0,2,0,0,2,2,0,0,1,1.0,14.0,1,0,1,0,0,1,1,0,0,0,0,1,0,1,0,0,0,0,0,0,1,0,0,60.0
101,1.0,1.0,1.0,1.0,1.0,1.0,6.0,5.0,4.0,1.0,3.0,2.0,2,2,2,0,2,0,2,0,0,0,1,-2,1,2,1.0,16.0,1,0,1,1,0,0,0,1,0,1,0,1,0,1,0,0,0,0,0,0,1,0,0,60.0
102,1.0,1.0,1.0,1.0,1.0,1.0,5.0,3.0,4.0,6.0,2.0,1.0,1,1,1,1,1,1,1,1,0,0,0,-1,1,2,0.0,19.0,1,0,1,1,0,0,1,0,0,0,0,1,0,1,0,0,0,0,0,0,1,0,0,30.0
106,1.0,1.0,1.0,1.0,1.0,1.0,4.0,5.0,6.0,1.0,2.0,3.0,2,0,1,0,1,0,1,1,-1,0,0,0,0,1,1.0,14.0,1,1,0,1,0,0,1,0,0,0,0,1,0,1,0,0,0,0,0,1,0,0,0,60.0
108,1.0,1.0,1.0,1.0,1.0,1.0,2.0,3.0,4.0,5.0,1.0,6.0,0,2,2,0,2,0,-2,0,0,2,2,2,0,0,0.0,14.0,1,1,0,0,0,1,1,0,0,0,1,0,0,1,0,0,0,0,0,0,1,0,0,60.0
109,1.0,1.0,1.0,1.0,1.0,1.0,3.0,4.0,5.0,6.0,2.0,1.0,1,2,2,0,1,0,2,0,1,2,2,0,0,2,1.0,12.0,1,1,0,0,0,1,1,0,0,0,1,0,0,1,1,0,0,0,0,0,0,0,0,30.0
110,1.0,1.0,1.0,1.0,1.0,1.0,3.0,5.0,6.0,2.0,4.0,1.0,1,1,1,1,1,1,1,1,1,1,1,1,1,1,1.0,14.0,1,0,1,0,1,0,1,0,0,0,0,1,0,1,0,0,1,0,0,0,0,0,0,30.0
111,1.0,1.0,1.0,1.0,1.0,1.0,1.0,4.0,5.0,6.0,2.0,3.0,2,1,1,0,2,0,-2,0,0,2,2,-2,0,1,1.0,16.0,1,0,1,1,0,0,0,1,1,0,0,1,1,0,0,0,0,0,0,0,1,0,0,60.0
112,1.0,1.0,1.0,1.0,1.0,1.0,1.0,2.0,3.0,4.0,5.0,6.0,2,1,1,0,2,0,-1,0,0,2,2,0,0,1,0.0,19.0,1,1,0,0,0,1,1,0,0,0,1,0,1,0,0,0,0,0,0,1,0,0,0,60.0
113,1.0,1.0,1.0,1.0,1.0,1.0,4.0,5.0,2.0,1.0,3.0,6.0,2,2,2,1,2,1,2,1,1,2,2,1,1,2,1.0,14.0,1,1,0,0,1,0,1,0,0,0,1,0,0,1,0,0,0,0,0,0,0,1,0,30.0
114,1.0,1.0,1.0,1.0,1.0,1.0,3.0,4.0,5.0,6.0,1.0,2.0,2,2,2,1,1,0,2,0,0,2,2,0,0,1,1.0,19.0,1,1,0,0,0,1,1,0,0,0,1,0,1,0,0,0,0,0,0,0,1,0,0,30.0
116,1.0,1.0,1.0,1.0,1.0,1.0,3.0,4.0,5.0,6.0,2.0,1.0,2,2,2,1,1,0,2,0,0,2,2,2,0,-1,0.0,16.0,1,1,0,0,0,1,1,0,0,0,1,0,1,0,0,0,0,0,0,0,0,0,1,30.0
117,1.0,1.0,1.0,1.0,1.0,1.0,3.0,6.0,4.0,1.0,2.0,5.0,2,2,2,1,1,2,2,1,1,2,2,1,2,2,0.0,19.0,1,0,1,0,1,0,1,0,0,0,0,1,1,0,0,0,0,0,0,0,1,0,0,30.0
120,1.0,1.0,1.0,1.0,1.0,1.0,4.0,5.0,3.0,6.0,1.0,2.0,2,2,2,2,2,0,1,0,0,0,1,0,0,1,1.0,14.0,1,1,0,0,0,1,1,0,0,0,1,0,1,0,1,0,0,0,0,0,0,0,0,30.0
122,1.0,1.0,1.0,1.0,1.0,1.0,6.0,4.0,5.0,1.0,2.0,3.0,2,2,2,-1,2,-2,2,1,1,1,2,-2,0,2,1.0,19.0,1,0,1,0,1,0,0,1,1,0,0,1,1,0,0,0,0,0,0,0,1,0,0,30.0
123,1.0,1.0,1.0,1.0,1.0,1.0,4.0,5.0,6.0,3.0,2.0,1.0,2,1,2,0,2,-1,2,1,2,2,2,-1,0,2,0.0,16.0,1,0,1,0,0,1,1,0,0,0,1,0,1,0,0,0,0,0,0,0,1,0,0,60.0
125,1.0,1.0,1.0,1.0,1.0,1.0,4.0,5.0,6.0,2.0,3.0,1.0,2,1,1,0,2,0,-2,0,0,1,1,0,0,2,0.0,19.0,1,1,0,0,0,1,1,0,0,0,1,0,1,0,1,0,0,0,0,0,0,0,0,60.0
131,1.0,1.0,1.0,1.0,1.0,1.0,2.0,3.0,4.0,1.0,5.0,6.0,1,1,1,0,2,-2,-2,-1,-1,1,1,-2,-2,2,0.0,12.0,1,0,1,0,0,1,1,0,0,0,0,1,0,1,0,0,1,0,0,0,0,0,0,60.0
132,1.0,1.0,1.0,1.0,1.0,1.0,6.0,5.0,4.0,2.0,3.0,1.0,2,2,2,-1,2,-2,-1,-1,1,1,1,-2,2,2,1.0,16.0,1,0,1,0,0,1,0,1,1,0,1,0,1,0,0,0,0,0,0,0,1,0,0,30.0
133,1.0,1.0,1.0,1.0,1.0,1.0,3.0,4.0,5.0,6.0,1.0,2.0,2,2,1,1,2,-1,-1,1,0,0,2,-2,0,2,1.0,14.0,1,1,0,0,1,0,1,0,0,0,0,1,0,1,0,0,0,0,0,0,1,0,0,45.0
135,1.0,1.0,1.0,1.0,1.0,1.0,4.0,5.0,6.0,3.0,2.0,1.0,2,2,2,2,2,0,1,2,1,2,2,1,1,2,0.0,14.0,1,0,1,0,1,0,1,0,0,0,0,1,1,0,1,0,0,0,0,0,0,0,0,60.0
139,1.0,1.0,1.0,1.0,1.0,1.0,3.0,6.0,4.0,5.0,1.0,2.0,2,2,2,2,2,1,-1,0,0,2,2,1,0,2,1.0,14.0,1,1,0,0,0,1,1,0,0,0,1,0,1,0,0,0,1,0,0,0,0,0,0,60.0
140,1.0,1.0,1.0,1.0,1.0,1.0,5.0,6.0,3.0,4.0,1.0,2.0,2,2,1,0,2,-2,-2,1,0,2,2,0,0,1,0.0,16.0,1,1,0,0,0,1,1,0,0,0,0,1,1,0,0,0,1,0,0,0,0,0,0,60.0
141,1.0,1.0,1.0,1.0,1.0,1.0,1.0,2.0,3.0,4.0,5.0,6.0,0,2,2,2,2,0,-2,0,0,0,2,0,0,1,1.0,16.0,1,1,0,0,0,1,1,0,0,0,1,0,1,0,0,0,1,0,0,0,0,0,0,60.0
142,1.0,1.0,1.0,1.0,1.0,1.0,2.0,3.0,4.0,5.0,6.0,1.0,0,-2,-2,-2,-2,0,-2,0,0,0,-2,-2,0,-2,0.0,14.0,1,1,0,0,0,1,1,0,0,0,1,0,1,0,0,0,0,0,0,0,1,0,0,30.0
144,1.0,1.0,1.0,1.0,1.0,1.0,4.0,5.0,6.0,1.0,2.0,3.0,2,2,2,1,2,-1,-1,2,0,1,1,1,1,2,1.0,19.0,1,0,1,1,0,0,1,0,0,0,1,0,1,0,1,0,0,0,0,0,0,0,0,60.0
146,1.0,1.0,1.0,1.0,1.0,1.0,6.0,5.0,4.0,2.0,3.0,1.0,2,2,1,0,0,0,2,0,0,1,2,1,0,2,0.0,14.0,1,1,0,1,0,0,1,0,0,0,1,0,0,1,1,0,0,0,0,0,0,0,0,30.0
147,1.0,1.0,1.0,1.0,1.0,1.0,1.0,2.0,4.0,5.0,6.0,3.0,1,1,1,1,0,0,-1,0,0,1,1,0,0,1,1.0,14.0,1,1,0,0,0,1,1,0,0,0,1,0,1,0,0,0,0,0,0,0,1,0,0,30.0
148,1.0,1.0,1.0,1.0,1.0,1.0,4.0,5.0,6.0,2.0,3.0,1.0,2,2,1,-1,1,0,-2,1,-2,1,1,0,1,2,1.0,19.0,1,0,1,0,0,1,1,0,0,0,0,1,0,1,0,0,1,0,0,0,0,0,0,30.0
149,1.0,1.0,1.0,1.0,1.0,1.0,4.0,2.0,3.0,5.0,1.0,6.0,1,1,1,1,1,-1,-1,-1,-1,1,1,-2,-1,2,0.0,12.0,1,1,0,0,1,0,1,0,0,0,1,0,1,0,0,0,0,0,0,0,0,1,0,18.0
151,1.0,1.0,1.0,1.0,1.0,1.0,4.0,5.0,6.0,2.0,3.0,1.0,2,2,2,1,2,0,-1,0,-1,2,2,0,0,2,1.0,16.0,1,0,1,0,1,0,1,0,0,0,0,1,1,0,0,0,0,0,0,0,0,1,0,60.0
152,1.0,1.0,1.0,1.0,1.0,1.0,4.0,5.0,6.0,1.0,3.0,2.0,1,2,1,0,2,0,-1,-2,-1,1,0,-2,0,1,1.0,16.0,1,1,0,0,1,0,1,0,0,0,1,0,1,0,0,0,0,0,0,0,0,1,0,30.0
153,1.0,1.0,1.0,1.0,1.0,1.0,4.0,6.0,5.0,1.0,2.0,3.0,1,1,1,0,1,0,0,0,0,1,1,0,0,1,1.0,16.0,1,1,0,0,0,1,1,0,0,0,0,1,0,1,0,0,1,0,0,0,0,0,0,45.0
154,1.0,1.0,1.0,1.0,1.0,1.0,4.0,5.0,6.0,3.0,1.0,2.0,1,1,1,1,1,0,1,0,0,2,2,2,0,2,1.0,16.0,1,1,0,0,0,1,1,0,0,0,1,0,1,0,0,0,0,0,0,0,0,0,1,30.0
156,1.0,1.0,1.0,1.0,1.0,1.0,3.0,1.0,2.0,4.0,5.0,6.0,0,1,2,2,1,0,-2,0,0,1,1,2,2,2,0.0,14.0,1,1,0,1,0,0,1,0,0,0,1,0,1,0,0,0,0,0,0,1,0,0,0,18.0
158,1.0,1.0,1.0,1.0,1.0,1.0,4.0,5.0,6.0,2.0,1.0,3.0,2,2,2,2,2,2,2,2,2,2,2,0,2,2,1.0,16.0,1,0,1,1,0,0,1,0,0,0,1,0,1,0,0,0,0,0,0,0,1,0,0,30.0
159,1.0,1.0,1.0,1.0,1.0,1.0,6.0,5.0,4.0,3.0,1.0,2.0,0,-1,0,-2,1,-2,-2,-1,-1,-2,1,-2,-1,2,0.0,19.0,1,1,0,0,1,0,1,0,0,0,1,0,0,1,0,0,0,0,0,1,0,0,0,30.0
162,1.0,1.0,1.0,1.0,1.0,1.0,1.0,2.0,3.0,6.0,5.0,4.0,2,2,2,2,2,0,2,0,0,2,2,2,2,2,1.0,19.0,1,0,1,0,1,0,0,1,0,1,0,1,1,0,0,0,0,0,0,1,0,0,0,60.0
164,1.0,1.0,1.0,1.0,1.0,1.0,3.0,5.0,6.0,4.0,1.0,2.0,2,2,2,2,2,0,1,0,0,1,2,0,0,2,0.0,16.0,1,1,0,1,0,0,0,1,1,0,0,1,0,1,0,0,0,0,0,0,1,0,0,45.0
165,1.0,1.0,1.0,1.0,1.0,1.0,3.0,1.0,2.0,4.0,5.0,6.0,0,0,0,0,0,0,1,1,1,0,0,0,0,1,0.0,12.0,1,1,0,0,1,0,1,0,0,0,1,0,0,1,0,0,0,1,0,0,0,0,0,30.0
166,1.0,1.0,1.0,1.0,1.0,1.0,6.0,4.0,2.0,5.0,3.0,1.0,2,1,2,0,1,0,1,-1,-1,0,1,-2,0,2,0.0,16.0,1,1,0,0,1,0,0,1,1,0,1,0,1,0,0,0,0,1,0,0,0,0,0,18.0
167,1.0,1.0,1.0,1.0,1.0,1.0,1.0,3.0,4.0,5.0,6.0,2.0,1,2,2,2,2,0,2,0,0,2,2,0,0,2,1.0,14.0,1,1,0,0,0,1,1,0,0,0,0,1,1,0,0,0,0,0,0,1,0,0,0,30.0
168,1.0,1.0,1.0,1.0,1.0,1.0,2.0,1.0,4.0,3.0,5.0,6.0,2,2,2,1,1,0,1,0,0,2,2,0,0,2,0.0,12.0,1,1,0,0,1,0,1,0,0,0,1,0,1,0,1,0,0,0,0,0,0,0,0,45.0
169,1.0,1.0,1.0,1.0,1.0,1.0,5.0,6.0,4.0,2.0,1.0,3.0,0,0,0,-1,1,0,0,0,0,-1,1,-2,1,1,1.0,19.0,1,1,0,0,1,0,1,0,0,0,0,1,0,1,0,0,0,1,0,0,0,0,0,45.0
170,1.0,1.0,1.0,1.0,1.0,1.0,6.0,5.0,4.0,2.0,1.0,3.0,2,2,2,-1,2,2,2,2,2,2,2,-2,0,2,1.0,14.0,1,0,1,0,1,0,0,1,1,0,0,1,0,1,0,1,0,0,0,0,0,0,0,30.0
172,1.0,1.0,1.0,1.0,1.0,1.0,5.0,6.0,4.0,1.0,2.0,3.0,2,2,2,2,2,-2,1,2,-2,2,2,-1,-2,2,1.0,16.0,1,0,1,1,0,0,1,0,0,0,1,0,1,0,0,0,0,0,0,1,0,0,0,18.0
173,1.0,1.0,1.0,1.0,1.0,1.0,4.0,5.0,6.0,1.0,3.0,2.0,2,2,2,-2,1,-2,-2,1,-1,2,2,-1,0,2,0.0,16.0,1,0,1,1,0,0,1,0,0,0,1,0,1,0,0,0,0,1,0,0,0,0,0,30.0
174,1.0,1.0,1.0,1.0,1.0,1.0,5.0,6.0,4.0,1.0,2.0,3.0,2,2,2,2,2,1,2,1,2,2,2,2,1,2,0.0,14.0,1,0,1,0,1,0,0,1,0,1,1,0,1,0,0,0,0,0,0,0,0,1,0,18.0
175,1.0,1.0,1.0,1.0,1.0,1.0,5.0,6.0,4.0,1.0,2.0,3.0,2,2,2,-1,2,-2,-2,1,0,2,2,1,2,2,1.0,19.0,1,0,1,0,1,0,0,1,1,0,0,1,0,1,0,0,0,0,0,0,0,0,1,45.0
176,1.0,1.0,1.0,1.0,1.0,1.0,5.0,6.0,4.0,2.0,1.0,3.0,2,1,1,0,1,1,1,0,0,1,1,-2,1,1,0.0,12.0,1,0,1,0,1,0,1,0,0,0,0,1,0,1,0,0,1,0,0,0,0,0,0,45.0
179,1.0,1.0,1.0,1.0,1.0,1.0,3.0,4.0,5.0,6.0,1.0,2.0,2,2,2,2,2,0,2,2,2,2,2,2,0,2,1.0,16.0,1,1,0,0,0,1,1,0,0,0,1,0,1,0,0,0,0,0,0,1,0,0,0,45.0
181,1.0,1.0,1.0,1.0,1.0,1.0,6.0,5.0,4.0,2.0,1.0,3.0,2,2,2,1,1,2,2,1,2,1,2,-2,-2,2,1.0,16.0,1,0,1,0,1,0,1,0,0,0,1,0,0,1,0,0,1,0,0,0,0,0,0,30.0
183,1.0,1.0,1.0,1.0,1.0,1.0,4.0,5.0,6.0,1.0,2.0,3.0,2,2,2,2,2,-2,-2,1,1,2,2,-2,2,2,1.0,12.0,1,1,0,0,1,0,1,0,0,0,1,0,1,0,1,0,0,0,0,0,0,0,0,45.0
185,1.0,1.0,1.0,1.0,1.0,1.0,6.0,5.0,4.0,2.0,1.0,3.0,2,1,1,-2,1,2,1,1,0,1,0,-2,-2,2,0.0,14.0,1,0,1,0,1,0,0,1,0,1,1,0,0,1,0,0,0,0,0,0,1,0,0,30.0
186,1.0,1.0,1.0,1.0,1.0,1.0,6.0,5.0,4.0,2.0,1.0,3.0,2,2,2,0,0,-2,-2,0,-1,2,2,-2,0,2,0.0,19.0,1,0,1,0,1,0,1,0,0,0,0,1,0,1,0,0,1,0,0,0,0,0,0,60.0
187,1.0,1.0,1.0,1.0,1.0,1.0,6.0,2.0,1.0,4.0,5.0,3.0,2,2,1,2,2,-1,2,0,-1,1,2,0,2,2,1.0,14.0,1,0,1,0,1,0,0,1,0,1,0,1,1,0,0,0,0,0,0,0,0,0,1,18.0
188,1.0,1.0,1.0,1.0,1.0,1.0,4.0,3.0,6.0,5.0,1.0,2.0,0,2,2,2,2,-2,-2,0,0,2,2,0,0,2,1.0,14.0,1,0,1,0,0,1,1,0,0,0,0,1,1,0,0,0,0,0,0,0,1,0,0,60.0
191,1.0,1.0,1.0,1.0,1.0,1.0,1.0,5.0,2.0,3.0,4.0,6.0,2,2,2,2,2,-1,-1,0,-1,1,1,1,2,2,1.0,14.0,1,0,1,1,0,0,1,0,0,0,0,1,1,0,0,0,0,0,0,0,0,0,1,30.0
194,1.0,1.0,1.0,1.0,1.0,1.0,6.0,3.0,4.0,5.0,2.0,1.0,2,1,2,2,2,1,-1,2,-2,2,2,0,0,2,1.0,19.0,1,0,1,0,0,1,1,0,0,0,1,0,1,0,0,0,0,1,0,0,0,0,0,60.0
196,1.0,1.0,1.0,1.0,1.0,1.0,5.0,6.0,4.0,1.0,2.0,3.0,2,2,2,2,2,2,2,2,2,2,2,0,2,2,1.0,16.0,1,0,1,0,1,0,0,1,0,1,0,1,0,1,0,0,1,0,0,0,0,0,0,45.0
198,1.0,1.0,1.0,1.0,1.0,1.0,3.0,4.0,5.0,2.0,6.0,1.0,2,2,2,1,2,0,2,0,0,0,0,1,0,2,1.0,14.0,1,1,0,0,0,1,1,0,0,0,1,0,0,1,1,0,0,0,0,0,0,0,0,45.0
200,1.0,1.0,1.0,1.0,1.0,1.0,2.0,3.0,4.0,5.0,1.0,6.0,1,2,2,0,2,0,1,0,0,2,2,0,0,2,0.0,16.0,1,1,0,0,0,1,1,0,0,0,0,1,1,0,0,0,0,0,0,0,0,0,1,45.0
202,1.0,1.0,1.0,1.0,1.0,1.0,4.0,5.0,6.0,2.0,1.0,3.0,2,1,2,1,2,1,2,2,2,0,1,-1,2,2,1.0,14.0,1,0,1,0,1,0,0,1,0,1,1,0,0,1,0,0,0,0,0,1,0,0,0,18.0
203,1.0,1.0,1.0,1.0,1.0,1.0,5.0,3.0,6.0,1.0,2.0,4.0,2,2,2,1,2,2,2,1,2,2,2,-2,-2,1,0.0,12.0,1,1,0,1,0,0,0,1,1,0,1,0,0,1,0,0,1,0,0,0,0,0,0,18.0
204,1.0,1.0,1.0,1.0,1.0,1.0,4.0,5.0,6.0,2.0,1.0,3.0,1,1,1,1,1,0,1,0,0,2,2,1,0,2,0.0,16.0,1,0,1,0,1,0,1,0,0,0,0,1,1,0,1,0,0,0,0,0,0,0,0,18.0
206,1.0,1.0,1.0,1.0,1.0,1.0,6.0,2.0,4.0,3.0,1.0,5.0,2,2,2,2,2,0,0,2,2,2,2,-1,1,2,0.0,19.0,1,0,1,1,0,0,0,1,1,0,0,1,0,1,0,0,0,1,0,0,0,0,0,30.0
211,1.0,1.0,1.0,1.0,1.0,1.0,1.0,2.0,3.0,4.0,5.0,6.0,1,1,1,1,2,0,2,0,0,1,1,0,0,2,1.0,12.0,1,0,1,0,1,0,1,0,0,0,0,1,0,1,0,0,0,1,0,0,0,0,0,60.0
215,1.0,1.0,1.0,1.0,1.0,1.0,4.0,5.0,6.0,1.0,3.0,2.0,2,2,2,2,2,2,2,2,2,2,2,-2,0,2,1.0,19.0,1,0,1,0,1,0,1,0,0,0,0,1,0,1,0,0,0,0,0,1,0,0,0,30.0
217,1.0,1.0,1.0,1.0,1.0,1.0,2.0,1.0,3.0,4.0,5.0,6.0,0,1,1,0,2,0,2,1,0,2,2,1,0,2,1.0,14.0,1,0,1,1,0,0,1,0,0,0,1,0,1,0,0,0,0,0,0,1,0,0,0,30.0
220,1.0,1.0,1.0,1.0,1.0,1.0,5.0,1.0,6.0,2.0,3.0,4.0,2,1,1,2,2,-2,-2,1,1,-1,2,-1,1,2,1.0,16.0,1,0,1,1,0,0,1,0,0,0,1,0,0,1,1,0,0,0,0,0,0,0,0,18.0
223,1.0,1.0,1.0,1.0,1.0,1.0,3.0,4.0,5.0,6.0,1.0,2.0,2,2,2,0,2,0,1,0,0,2,2,0,0,2,0.0,19.0,1,1,0,0,0,1,0,1,1,0,1,0,1,0,0,0,0,0,0,0,1,0,0,60.0
224,1.0,1.0,1.0,1.0,1.0,1.0,1.0,2.0,3.0,5.0,6.0,4.0,2,2,2,2,2,0,-2,0,-1,2,2,2,2,2,0.0,14.0,1,1,0,1,0,0,1,0,0,0,0,1,1,0,0,0,0,0,0,0,0,1,0,45.0
225,1.0,1.0,1.0,1.0,1.0,1.0,5.0,2.0,1.0,4.0,3.0,6.0,1,1,1,1,1,1,1,1,1,1,1,1,1,1,1.0,12.0,1,1,0,0,1,0,1,0,0,0,0,1,0,1,0,0,1,0,0,0,0,0,0,18.0
227,1.0,1.0,1.0,1.0,1.0,1.0,3.0,1.0,2.0,4.0,5.0,6.0,2,2,2,2,2,1,2,1,2,2,2,-2,2,2,1.0,14.0,1,0,1,1,0,0,1,0,0,0,0,1,0,1,0,0,0,0,0,1,0,0,0,30.0
231,1.0,1.0,1.0,1.0,1.0,1.0,1.0,6.0,5.0,3.0,2.0,4.0,2,2,2,0,2,1,2,1,1,2,2,-2,-1,1,1.0,16.0,1,1,0,0,1,0,1,0,0,0,1,0,0,1,1,0,0,0,0,0,0,0,0,45.0
232,1.0,1.0,1.0,1.0,1.0,1.0,4.0,5.0,6.0,1.0,2.0,3.0,2,2,2,1,1,0,0,0,0,1,1,0,0,0,1.0,19.0,1,0,1,1,0,0,1,0,0,0,0,1,0,1,0,0,0,0,0,1,0,0,0,30.0
235,1.0,1.0,1.0,1.0,1.0,1.0,4.0,5.0,6.0,1.0,2.0,3.0,2,2,1,1,2,0,2,0,0,1,1,1,1,2,1.0,12.0,1,1,0,0,0,1,0,1,1,0,1,0,0,1,0,0,1,0,0,0,0,0,0,60.0
236,1.0,1.0,1.0,1.0,1.0,1.0,1.0,2.0,3.0,4.0,5.0,6.0,0,0,0,0,0,0,0,0,0,0,0,0,0,0,0.0,14.0,1,1,0,0,0,1,1,0,0,0,1,0,1,0,0,0,0,0,0,1,0,0,0,60.0
239,1.0,1.0,1.0,1.0,1.0,1.0,5.0,6.0,4.0,2.0,1.0,3.0,2,2,2,-1,1,1,-1,0,0,1,1,-2,0,0,1.0,19.0,1,0,1,1,0,0,1,0,0,0,1,0,0,1,1,0,0,0,0,0,0,0,0,30.0
244,1.0,1.0,1.0,1.0,1.0,1.0,4.0,5.0,6.0,1.0,3.0,2.0,2,2,2,0,1,0,0,0,0,2,2,0,0,1,1.0,14.0,1,1,0,0,1,0,1,0,0,0,1,0,1,0,1,0,0,0,0,0,0,0,0,45.0
247,1.0,1.0,1.0,1.0,1.0,1.0,4.0,5.0,6.0,2.0,3.0,1.0,1,1,1,1,1,0,-2,0,0,1,1,0,0,1,1.0,14.0,1,1,0,0,0,1,1,0,0,0,1,0,0,1,0,0,0,1,0,0,0,0,0,45.0
248,1.0,1.0,1.0,1.0,1.0,1.0,3.0,4.0,5.0,6.0,1.0,2.0,2,2,2,-1,1,0,-1,0,-1,2,2,1,0,1,1.0,19.0,1,1,0,0,0,1,1,0,0,0,1,0,1,0,0,0,0,1,0,0,0,0,0,45.0
249,1.0,1.0,1.0,1.0,1.0,1.0,4.0,6.0,5.0,1.0,2.0,3.0,2,2,2,1,2,-1,2,0,0,2,2,0,2,2,1.0,19.0,1,0,1,0,1,0,1,0,0,0,1,0,1,0,0,0,0,0,0,0,1,0,0,45.0
250,1.0,1.0,1.0,1.0,1.0,1.0,4.0,5.0,6.0,2.0,1.0,3.0,2,1,1,0,2,0,0,-1,0,1,1,-2,0,1,0.0,19.0,1,0,1,0,0,1,1,0,0,0,0,1,0,1,1,0,0,0,0,0,0,0,0,45.0
253,1.0,1.0,1.0,1.0,1.0,1.0,1.0,2.0,3.0,4.0,5.0,6.0,1,2,2,0,2,-2,-2,2,-1,2,2,2,1,2,1.0,16.0,1,1,0,0,1,0,1,0,0,0,1,0,1,0,1,0,0,0,0,0,0,0,0,18.0
256,1.0,1.0,1.0,1.0,1.0,1.0,6.0,5.0,3.0,1.0,4.0,2.0,2,2,1,-2,2,0,0,0,0,2,2,0,0,2,0.0,19.0,1,1,0,0,0,1,1,0,0,0,1,0,1,0,0,0,0,1,0,0,0,0,0,45.0
259,1.0,1.0,1.0,1.0,1.0,1.0,4.0,5.0,6.0,1.0,2.0,3.0,2,2,2,2,2,-1,-1,0,-1,1,1,-1,0,2,1.0,19.0,1,0,1,0,1,0,1,0,0,0,1,0,1,0,0,0,0,0,0,1,0,0,0,60.0
260,1.0,1.0,1.0,1.0,1.0,1.0,4.0,5.0,6.0,1.0,2.0,3.0,1,2,2,1,2,0,0,0,0,2,2,-2,1,2,0.0,19.0,1,0,1,0,1,0,1,0,0,0,0,1,1,0,0,1,0,0,0,0,0,0,0,45.0
261,1.0,1.0,1.0,1.0,1.0,1.0,4.0,5.0,6.0,1.0,2.0,3.0,2,2,2,0,2,0,1,-1,0,2,2,1,0,2,1.0,16.0,1,0,1,0,1,0,0,1,0,1,0,1,0,1,0,0,0,0,0,0,1,0,0,45.0
263,1.0,1.0,1.0,1.0,1.0,1.0,6.0,2.0,3.0,4.0,1.0,5.0,1,0,1,-1,2,2,2,1,2,0,0,-2,-1,1,1.0,16.0,1,0,1,0,1,0,0,1,0,1,1,0,0,1,0,0,1,0,0,0,0,0,0,30.0
264,1.0,1.0,1.0,1.0,1.0,1.0,6.0,4.0,5.0,1.0,2.0,3.0,2,2,2,2,2,-2,-1,1,-2,2,2,-1,1,2,1.0,19.0,1,0,1,0,1,0,1,0,0,0,0,1,0,1,0,0,0,0,0,1,0,0,0,45.0
266,1.0,1.0,1.0,1.0,1.0,1.0,5.0,6.0,2.0,4.0,1.0,3.0,2,1,1,2,2,-2,-1,2,-1,2,2,-2,2,2,1.0,14.0,1,0,1,0,1,0,1,0,0,0,0,1,1,0,1,0,0,0,0,0,0,0,0,18.0
269,1.0,1.0,1.0,1.0,1.0,1.0,6.0,5.0,3.0,4.0,1.0,2.0,2,2,2,2,0,0,2,0,1,2,2,1,2,2,0.0,19.0,1,0,1,1,0,0,0,1,1,0,0,1,0,1,0,0,0,1,0,0,0,0,0,45.0
273,1.0,1.0,1.0,1.0,1.0,1.0,4.0,3.0,5.0,2.0,1.0,6.0,2,1,2,0,2,0,1,0,1,2,2,0,1,2,1.0,19.0,1,0,1,0,0,1,0,1,1,0,0,1,0,1,0,0,0,0,1,0,0,0,0,45.0
275,1.0,1.0,1.0,1.0,1.0,1.0,6.0,5.0,4.0,3.0,1.0,2.0,2,1,1,-1,1,2,2,1,2,2,2,-2,-1,2,0.0,12.0,1,0,1,0,1,0,0,1,0,1,1,0,0,1,0,0,0,0,0,1,0,0,0,30.0
276,1.0,1.0,1.0,1.0,1.0,1.0,2.0,3.0,4.0,5.0,1.0,6.0,1,1,2,0,0,0,-1,0,-1,1,1,0,0,0,0.0,14.0,1,1,0,0,1,0,1,0,0,0,0,1,0,1,0,1,0,0,0,0,0,0,0,45.0
279,1.0,1.0,1.0,1.0,1.0,1.0,4.0,5.0,6.0,3.0,1.0,2.0,2,2,1,1,2,0,-1,0,-1,0,0,-2,0,2,1.0,16.0,1,0,1,0,0,1,1,0,0,0,0,1,0,1,0,0,0,0,0,0,0,0,1,45.0
280,1.0,1.0,1.0,1.0,1.0,1.0,1.0,2.0,3.0,4.0,5.0,6.0,2,2,2,1,2,0,0,1,1,1,1,1,0,2,1.0,14.0,1,0,1,0,1,0,1,0,0,0,1,0,0,1,1,0,0,0,0,0,0,0,0,60.0
282,1.0,1.0,1.0,1.0,1.0,1.0,1.0,6.0,5.0,2.0,4.0,3.0,2,2,2,2,2,2,2,2,1,2,2,2,2,2,0.0,16.0,1,0,1,1,0,0,1,0,0,0,0,1,0,1,0,0,0,0,0,0,1,0,0,45.0
283,1.0,1.0,1.0,1.0,1.0,1.0,4.0,5.0,6.0,1.0,2.0,3.0,2,1,1,-2,2,0,2,1,0,2,2,-2,0,2,1.0,16.0,1,0,1,0,1,0,1,0,0,0,1,0,0,1,0,0,0,1,0,0,0,0,0,30.0
284,1.0,1.0,1.0,1.0,1.0,1.0,5.0,4.0,6.0,1.0,3.0,2.0,2,2,2,-1,2,-2,0,1,-2,1,1,1,1,2,0.0,12.0,1,0,1,0,0,1,0,1,1,0,0,1,0,1,0,0,0,0,0,0,1,0,0,30.0
285,1.0,1.0,1.0,1.0,1.0,1.0,4.0,5.0,6.0,2.0,1.0,3.0,2,2,2,-1,2,-1,-2,2,0,2,2,2,1,2,0.0,14.0,1,0,1,0,1,0,1,0,0,0,0,1,1,0,0,0,0,0,0,0,0,1,0,60.0
287,1.0,1.0,1.0,1.0,1.0,1.0,4.0,5.0,6.0,2.0,1.0,3.0,2,2,2,1,1,0,-2,0,0,2,2,0,0,2,1.0,16.0,1,1,0,0,0,1,1,0,0,0,1,0,1,0,0,1,0,0,0,0,0,0,0,30.0
289,1.0,1.0,1.0,1.0,1.0,1.0,2.0,3.0,4.0,5.0,1.0,6.0,-1,1,1,1,2,1,2,1,1,1,2,2,1,2,1.0,16.0,1,1,0,1,0,0,1,0,0,0,1,0,1,0,0,0,0,0,0,0,0,0,1,18.0
291,1.0,1.0,1.0,1.0,1.0,1.0,6.0,4.0,5.0,1.0,2.0,3.0,2,2,2,0,2,-1,0,-1,0,1,1,-1,-1,0,1.0,16.0,1,1,0,0,0,1,1,0,0,0,0,1,0,1,0,0,0,0,0,0,1,0,0,45.0
294,1.0,1.0,1.0,1.0,1.0,1.0,3.0,4.0,5.0,6.0,1.0,2.0,1,1,1,0,1,0,-1,0,0,2,2,-2,0,1,1.0,19.0,1,1,0,0,0,1,1,0,0,0,1,0,1,0,0,0,0,0,0,0,1,0,0,45.0
295,1.0,1.0,1.0,1.0,1.0,1.0,3.0,5.0,4.0,6.0,1.0,2.0,1,2,0,-1,0,0,2,0,0,1,2,0,0,1,0.0,14.0,1,1,0,0,0,1,1,0,0,0,1,0,0,1,0,0,0,0,0,0,1,0,0,30.0
297,1.0,1.0,1.0,1.0,1.0,1.0,3.0,4.0,5.0,6.0,1.0,2.0,1,2,2,-1,2,0,-2,0,0,2,2,0,0,2,1.0,19.0,1,1,0,1,0,0,1,0,0,0,1,0,1,0,0,0,0,0,0,0,0,1,0,45.0
298,1.0,1.0,1.0,1.0,1.0,1.0,6.0,5.0,4.0,1.0,2.0,3.0,2,2,2,-2,2,0,1,-1,-1,1,1,0,2,2,1.0,19.0,1,0,1,0,1,0,1,0,0,0,0,1,1,0,0,1,0,0,0,0,0,0,0,30.0
299,1.0,1.0,1.0,1.0,1.0,1.0,1.0,2.0,3.0,4.0,5.0,6.0,0,0,0,0,0,0,0,0,0,1,1,1,0,2,0.0,19.0,1,1,0,0,0,1,1,0,0,0,1,0,1,0,1,0,0,0,0,0,0,0,0,18.0
302,1.0,1.0,1.0,1.0,1.0,1.0,1.0,2.0,3.0,4.0,5.0,6.0,2,2,2,2,2,2,-1,0,0,2,2,2,2,2,1.0,19.0,1,1,0,0,0,1,1,0,0,0,1,0,0,1,0,0,0,0,0,0,1,0,0,45.0
305,1.0,1.0,1.0,1.0,1.0,1.0,1.0,2.0,3.0,4.0,5.0,6.0,-2,-2,-2,-2,-2,-2,-2,-2,-2,-2,-2,-2,-2,-2,0.0,14.0,1,1,0,0,0,1,0,1,1,0,0,1,0,1,0,0,1,0,0,0,0,0,0,45.0
307,1.0,1.0,1.0,1.0,1.0,1.0,4.0,3.0,1.0,6.0,5.0,2.0,2,2,2,2,2,1,2,1,1,2,2,0,0,2,1.0,19.0,1,0,1,0,1,0,1,0,0,0,0,1,0,1,0,0,0,0,0,0,1,0,0,45.0
309,1.0,1.0,1.0,1.0,1.0,1.0,6.0,5.0,4.0,3.0,1.0,2.0,1,1,1,0,2,2,1,2,1,1,1,0,1,1,0.0,16.0,1,0,1,0,1,0,1,0,0,0,0,1,0,1,0,0,0,0,0,1,0,0,0,18.0
311,1.0,1.0,1.0,1.0,1.0,1.0,3.0,1.0,2.0,6.0,5.0,4.0,2,1,1,2,2,-2,1,0,1,1,1,0,2,2,0.0,16.0,1,0,1,0,1,0,1,0,0,0,1,0,0,1,0,0,0,0,0,1,0,0,0,18.0
313,1.0,1.0,1.0,1.0,1.0,1.0,5.0,6.0,3.0,1.0,4.0,2.0,2,2,1,1,1,-1,1,0,-1,2,1,0,0,1,1.0,16.0,1,0,1,0,1,0,1,0,0,0,0,1,0,1,0,0,0,0,0,0,0,1,0,30.0
315,1.0,1.0,1.0,1.0,1.0,1.0,1.0,5.0,4.0,6.0,2.0,3.0,1,1,1,1,2,0,1,1,0,1,2,1,0,1,1.0,16.0,1,0,1,1,0,0,1,0,0,0,0,1,0,1,0,0,0,0,0,0,0,0,1,60.0
316,1.0,1.0,1.0,1.0,1.0,1.0,3.0,4.0,5.0,6.0,2.0,1.0,2,2,2,2,2,1,2,0,0,2,2,0,0,2,0.0,16.0,1,0,1,1,0,0,1,0,0,0,0,1,1,0,0,0,0,0,0,0,0,0,1,45.0
317,1.0,1.0,1.0,1.0,1.0,1.0,2.0,3.0,4.0,5.0,6.0,1.0,1,2,2,2,0,0,2,0,0,0,2,2,2,2,1.0,14.0,1,1,0,0,1,0,1,0,0,0,1,0,1,0,0,0,1,0,0,0,0,0,0,30.0
318,1.0,1.0,1.0,1.0,1.0,1.0,1.0,3.0,4.0,5.0,2.0,6.0,1,1,1,1,1,0,0,0,0,0,1,0,0,1,1.0,14.0,1,1,0,0,0,1,1,0,0,0,1,0,1,0,0,0,0,0,0,1,0,0,0,60.0
320,1.0,1.0,1.0,1.0,1.0,1.0,6.0,4.0,5.0,2.0,1.0,3.0,2,2,2,1,2,1,2,2,2,1,1,-2,0,1,1.0,16.0,1,0,1,1,0,0,0,1,0,1,0,1,0,1,0,0,0,0,0,0,1,0,0,30.0
323,1.0,1.0,1.0,1.0,1.0,1.0,4.0,3.0,5.0,6.0,2.0,1.0,1,1,-2,2,0,0,2,0,-1,-1,0,0,0,0,1.0,19.0,1,1,0,0,0,1,1,0,0,0,1,0,0,1,1,0,0,0,0,0,0,0,0,45.0
325,1.0,1.0,1.0,1.0,1.0,1.0,2.0,3.0,4.0,5.0,1.0,6.0,0,2,2,0,0,0,-1,0,0,2,2,0,0,0,1.0,14.0,1,1,0,0,0,1,1,0,0,0,1,0,1,0,0,0,0,0,0,0,0,1,0,45.0
328,1.0,1.0,1.0,1.0,1.0,1.0,5.0,4.0,3.0,6.0,1.0,2.0,2,2,0,0,2,0,2,2,0,2,2,0,0,2,0.0,14.0,1,0,1,0,0,1,1,0,0,0,0,1,1,0,0,1,0,0,0,0,0,0,0,60.0
330,1.0,1.0,1.0,1.0,1.0,1.0,4.0,1.0,2.0,3.0,5.0,6.0,0,0,0,0,0,0,0,0,0,0,0,0,0,0,0.0,12.0,1,1,0,0,0,1,1,0,0,0,1,0,1,0,0,0,0,0,0,1,0,0,0,18.0
331,1.0,1.0,1.0,1.0,1.0,1.0,4.0,5.0,6.0,1.0,2.0,3.0,2,2,2,2,2,0,2,0,0,2,2,-2,0,2,0.0,16.0,1,0,1,0,1,0,1,0,0,0,1,0,1,0,0,0,1,0,0,0,0,0,0,45.0
332,1.0,1.0,1.0,1.0,1.0,1.0,4.0,5.0,6.0,3.0,1.0,2.0,2,2,2,2,2,2,2,2,2,2,2,2,2,2,1.0,16.0,1,0,1,0,0,1,1,0,0,0,0,1,1,0,0,0,0,0,0,0,0,1,0,60.0
333,1.0,1.0,1.0,1.0,1.0,1.0,5.0,3.0,4.0,6.0,2.0,1.0,2,-1,0,-2,1,0,1,-1,-2,0,0,-2,0,1,0.0,14.0,1,1,0,0,1,0,0,1,0,1,0,1,0,1,0,0,0,0,1,0,0,0,0,45.0
334,1.0,1.0,1.0,1.0,1.0,1.0,4.0,6.0,3.0,2.0,5.0,1.0,2,0,1,1,2,0,2,0,0,2,2,-1,1,2,1.0,19.0,1,0,1,0,1,0,0,1,0,1,0,1,0,1,0,0,1,0,0,0,0,0,0,45.0
335,1.0,1.0,1.0,1.0,1.0,1.0,2.0,3.0,4.0,5.0,1.0,6.0,2,2,2,2,2,0,2,0,0,2,2,0,0,2,0.0,14.0,1,1,0,0,0,1,1,0,0,0,1,0,0,1,1,0,0,0,0,0,0,0,0,45.0
336,1.0,1.0,1.0,1.0,1.0,1.0,3.0,4.0,5.0,6.0,1.0,2.0,2,1,0,1,0,0,0,2,-1,1,1,-1,-1,0,0.0,16.0,1,1,0,0,1,0,0,1,0,1,0,1,1,0,0,0,0,0,0,0,1,0,0,45.0
339,1.0,1.0,1.0,1.0,1.0,1.0,4.0,5.0,6.0,3.0,2.0,1.0,2,2,2,1,2,1,1,0,0,1,1,2,2,2,1.0,16.0,1,0,1,1,0,0,1,0,0,0,0,1,1,0,0,0,0,0,0,1,0,0,0,45.0
340,1.0,1.0,1.0,1.0,1.0,1.0,4.0,5.0,6.0,1.0,3.0,2.0,2,2,2,2,2,-2,-2,0,-1,1,2,-2,2,2,1.0,16.0,1,0,1,0,0,1,1,0,0,0,0,1,1,0,0,0,0,1,0,0,0,0,0,45.0
342,1.0,1.0,1.0,1.0,1.0,1.0,3.0,4.0,5.0,6.0,1.0,2.0,1,1,1,0,1,0,-2,0,0,1,1,0,0,1,1.0,16.0,1,1,0,0,0,1,1,0,0,0,1,0,1,0,0,0,0,0,0,0,1,0,0,45.0
345,1.0,1.0,1.0,1.0,1.0,1.0,4.0,6.0,5.0,3.0,2.0,1.0,2,2,0,2,2,0,0,2,1,2,2,-1,0,2,1.0,16.0,1,0,1,1,0,0,0,1,0,1,1,0,0,1,0,0,0,0,0,1,0,0,0,45.0
346,1.0,1.0,1.0,1.0,1.0,1.0,4.0,5.0,6.0,1.0,2.0,3.0,2,2,1,1,2,0,1,-1,1,1,2,-1,1,2,0.0,16.0,1,0,1,0,1,0,1,0,0,0,1,0,0,1,0,0,0,0,0,0,0,0,1,18.0
347,1.0,1.0,1.0,1.0,1.0,1.0,1.0,2.0,3.0,4.0,5.0,6.0,1,1,1,1,1,1,1,1,1,1,1,1,1,1,0.0,16.0,1,1,0,0,0,1,1,0,0,0,1,0,0,1,0,0,0,0,0,1,0,0,0,45.0
348,1.0,1.0,1.0,1.0,1.0,1.0,2.0,3.0,4.0,5.0,1.0,6.0,1,1,1,1,1,0,0,0,0,0,0,0,0,2,0.0,16.0,1,0,1,0,1,0,1,0,0,0,0,1,1,0,1,0,0,0,0,0,0,0,0,45.0
349,1.0,1.0,1.0,1.0,1.0,1.0,6.0,5.0,4.0,3.0,1.0,2.0,2,1,1,-1,2,0,1,1,1,0,1,-2,0,1,1.0,12.0,1,0,1,1,0,0,1,0,0,0,1,0,0,1,0,0,0,1,0,0,0,0,0,30.0
350,1.0,1.0,1.0,1.0,1.0,1.0,6.0,5.0,1.0,4.0,3.0,2.0,2,2,1,2,2,2,1,0,0,1,2,-2,0,2,1.0,19.0,1,0,1,0,1,0,1,0,0,0,1,0,0,1,1,0,0,0,0,0,0,0,0,30.0
351,1.0,1.0,1.0,1.0,1.0,1.0,4.0,5.0,6.0,3.0,1.0,2.0,2,2,2,1,2,0,-1,2,-1,2,2,0,1,2,1.0,14.0,1,0,1,1,0,0,1,0,0,0,0,1,1,0,0,0,0,0,1,0,0,0,0,60.0
354,1.0,1.0,1.0,1.0,1.0,1.0,4.0,5.0,3.0,6.0,1.0,2.0,2,2,2,1,2,0,-1,-1,0,2,2,1,1,2,1.0,16.0,1,0,1,1,0,0,1,0,0,0,0,1,0,1,1,0,0,0,0,0,0,0,0,45.0
356,1.0,1.0,1.0,1.0,1.0,1.0,3.0,2.0,1.0,6.0,4.0,5.0,1,1,1,2,2,-1,0,0,0,1,2,1,2,2,0.0,12.0,1,1,0,0,1,0,1,0,0,0,1,0,0,1,0,0,0,0,0,0,0,0,1,30.0
357,1.0,1.0,1.0,1.0,1.0,1.0,4.0,3.0,5.0,6.0,1.0,2.0,2,1,0,1,1,0,2,-1,0,0,0,1,1,1,1.0,16.0,1,0,1,0,0,1,0,1,1,0,0,1,0,1,0,0,0,0,0,0,0,1,0,45.0
359,1.0,1.0,1.0,1.0,1.0,1.0,3.0,4.0,5.0,1.0,2.0,6.0,2,2,2,2,2,0,-1,0,1,2,2,0,0,2,1.0,19.0,1,0,1,0,0,1,1,0,0,0,0,1,1,0,0,0,0,1,0,0,0,0,0,60.0
360,1.0,1.0,1.0,1.0,1.0,1.0,3.0,4.0,5.0,6.0,1.0,2.0,2,2,2,2,2,0,2,0,0,1,1,0,0,2,1.0,12.0,1,1,0,1,0,0,1,0,0,0,1,0,0,1,1,0,0,0,0,0,0,0,0,45.0
364,1.0,1.0,1.0,1.0,1.0,1.0,3.0,4.0,5.0,6.0,1.0,2.0,1,1,1,1,1,0,1,0,1,1,1,1,0,1,1.0,16.0,1,1,0,0,0,1,1,0,0,0,1,0,0,1,1,0,0,0,0,0,0,0,0,30.0
365,1.0,1.0,1.0,1.0,1.0,1.0,1.0,2.0,3.0,4.0,5.0,6.0,-1,-2,-2,-2,-2,-1,1,0,0,-2,-2,0,0,-2,1.0,14.0,1,1,0,0,0,1,0,1,1,0,1,0,1,0,0,0,0,0,0,0,0,1,0,45.0
366,1.0,1.0,1.0,1.0,1.0,1.0,1.0,2.0,3.0,4.0,5.0,6.0,2,2,2,0,1,0,0,1,0,1,1,0,0,1,0.0,16.0,1,1,0,0,0,1,1,0,0,0,1,0,1,0,0,0,0,0,0,0,1,0,0,60.0
368,1.0,1.0,1.0,1.0,1.0,1.0,4.0,5.0,3.0,6.0,1.0,2.0,2,1,1,1,2,1,2,1,2,2,2,1,1,2,1.0,16.0,1,1,0,0,0,1,1,0,0,0,1,0,0,1,0,0,0,0,0,0,0,0,1,60.0
369,1.0,1.0,1.0,1.0,1.0,1.0,2.0,3.0,4.0,5.0,1.0,6.0,1,1,1,1,1,0,1,0,0,1,1,1,1,1,0.0,19.0,1,1,0,0,0,1,1,0,0,0,1,0,1,0,0,0,0,0,0,0,1,0,0,18.0
370,1.0,1.0,1.0,1.0,1.0,1.0,2.0,4.0,6.0,3.0,5.0,1.0,1,1,0,-1,1,-2,-2,-1,-1,1,1,0,0,1,0.0,16.0,1,1,0,0,1,0,1,0,0,0,1,0,0,1,0,0,0,1,0,0,0,0,0,30.0
373,1.0,1.0,1.0,1.0,1.0,1.0,1.0,2.0,3.0,4.0,5.0,6.0,0,2,2,0,2,0,2,0,0,0,0,0,0,2,0.0,14.0,1,1,0,0,0,1,1,0,0,0,1,0,1,0,0,0,0,1,0,0,0,0,0,60.0
374,1.0,1.0,1.0,1.0,1.0,1.0,4.0,5.0,3.0,2.0,6.0,1.0,1,2,2,1,1,-1,1,0,0,1,1,1,2,2,0.0,14.0,1,0,1,0,1,0,1,0,0,0,0,1,0,1,0,0,0,0,0,0,1,0,0,30.0
376,1.0,1.0,1.0,1.0,1.0,1.0,6.0,5.0,4.0,1.0,2.0,3.0,2,2,2,-2,2,-2,-2,1,-1,2,2,-2,-1,2,1.0,19.0,1,0,1,1,0,0,1,0,0,0,0,1,1,0,0,0,0,0,0,1,0,0,0,45.0
381,1.0,1.0,1.0,1.0,1.0,1.0,1.0,2.0,3.0,4.0,5.0,6.0,0,2,2,2,2,0,2,0,2,2,2,2,2,2,0.0,19.0,1,0,1,0,0,1,0,1,1,0,1,0,0,1,0,0,0,0,0,0,0,0,1,18.0
382,1.0,1.0,1.0,1.0,1.0,1.0,1.0,2.0,3.0,4.0,5.0,6.0,2,2,2,2,2,2,-2,-2,-2,2,2,0,-2,2,1.0,12.0,1,1,0,1,0,0,1,0,0,0,1,0,0,1,1,0,0,0,0,0,0,0,0,45.0
384,1.0,1.0,1.0,1.0,1.0,1.0,1.0,2.0,3.5,4.0,5.0,3.0,2,1,0,0,2,-1,2,0,2,2,2,2,1,2,1.0,16.0,1,0,1,0,1,0,1,0,0,0,0,1,0,1,0,0,1,0,0,0,0,0,0,30.0
388,1.0,1.0,1.0,1.0,1.0,1.0,4.0,5.0,6.0,1.0,2.0,3.0,2,1,1,1,2,-2,-2,1,0,2,2,-1,1,2,1.0,19.0,1,1,0,0,1,0,1,0,0,0,1,0,0,1,0,0,0,1,0,0,0,0,0,30.0
389,1.0,1.0,1.0,1.0,1.0,1.0,4.0,5.0,6.0,1.0,2.0,3.0,2,2,2,2,2,1,2,0,1,2,2,1,2,2,1.0,19.0,1,0,1,0,0,1,1,0,0,0,1,0,1,0,1,0,0,0,0,0,0,0,0,45.0
391,1.0,1.0,1.0,1.0,1.0,1.0,3.0,4.0,5.0,6.0,2.0,1.0,0,2,2,0,2,0,0,0,0,0,2,0,0,2,1.0,19.0,1,1,0,0,0,1,1,0,0,0,1,0,0,1,0,0,0,0,0,0,0,0,1,30.0
392,1.0,1.0,1.0,1.0,1.0,1.0,5.0,4.0,6.0,1.0,3.0,2.0,2,2,2,0,2,-1,2,1,1,2,2,1,-1,2,1.0,19.0,1,0,1,0,1,0,1,0,0,0,0,1,1,0,1,0,0,0,0,0,0,0,0,45.0
393,1.0,1.0,1.0,1.0,1.0,1.0,4.0,5.0,3.0,6.0,1.0,2.0,1,1,2,1,1,1,2,1,1,2,2,0,0,2,0.0,14.0,1,0,1,0,0,1,0,1,1,0,1,0,0,1,0,0,0,1,0,0,0,0,0,45.0
395,1.0,1.0,1.0,1.0,1.0,1.0,1.0,2.0,3.0,4.0,5.0,6.0,0,0,0,0,0,0,0,0,0,0,0,0,0,0,1.0,14.0,1,1,0,0,0,1,1,0,0,0,1,0,0,1,0,0,0,0,0,0,0,1,0,60.0
396,1.0,1.0,1.0,1.0,1.0,1.0,4.0,5.0,6.0,3.0,2.0,1.0,2,1,2,1,1,0,1,0,0,2,2,1,1,2,0.0,14.0,1,1,0,0,0,1,1,0,0,0,1,0,1,0,0,0,0,0,0,1,0,0,0,18.0
397,1.0,1.0,1.0,1.0,1.0,1.0,4.0,5.0,6.0,1.0,2.0,3.0,2,2,2,1,2,0,0,0,0,2,2,0,1,2,1.0,16.0,1,0,1,1,0,0,0,1,1,0,0,1,0,1,0,1,0,0,0,0,0,0,0,45.0
399,1.0,1.0,1.0,1.0,1.0,1.0,6.0,4.0,5.0,2.0,1.0,3.0,2,1,1,0,2,-1,2,0,1,2,2,-2,0,2,1.0,19.0,1,0,1,0,1,0,0,1,0,1,1,0,0,1,1,0,0,0,0,0,0,0,0,30.0
400,1.0,1.0,1.0,1.0,1.0,1.0,6.0,5.0,4.0,1.0,2.0,3.0,2,1,1,-2,2,2,2,2,0,1,1,-2,-1,1,1.0,16.0,1,0,1,0,1,0,0,1,1,0,0,1,0,1,0,0,1,0,0,0,0,0,0,18.0
402,1.0,1.0,1.0,1.0,1.0,1.0,4.0,6.0,5.0,2.0,1.0,3.0,2,2,2,1,2,-1,1,1,1,1,2,-1,1,2,1.0,16.0,1,0,1,1,0,0,0,1,1,0,1,0,0,1,0,0,0,1,0,0,0,0,0,30.0
403,1.0,1.0,1.0,1.0,1.0,1.0,6.0,5.0,4.0,3.0,1.0,2.0,2,1,1,-1,2,1,2,1,2,1,1,-2,0,2,1.0,16.0,1,0,1,0,1,0,0,1,0,1,0,1,0,1,1,0,0,0,0,0,0,0,0,30.0
404,1.0,1.0,1.0,1.0,1.0,1.0,4.0,5.0,6.0,3.0,1.0,2.0,2,2,2,0,2,2,2,0,0,2,2,0,0,2,0.0,19.0,1,0,1,0,0,1,1,0,0,0,0,1,0,1,0,0,0,0,0,0,1,0,0,30.0
405,1.0,1.0,1.0,1.0,1.0,1.0,4.0,5.0,6.0,1.0,2.0,3.0,1,1,1,0,1,0,1,1,0,1,1,0,0,1,1.0,14.0,1,1,0,0,0,1,1,0,0,0,1,0,0,1,0,0,0,0,0,0,1,0,0,45.0
411,1.0,1.0,1.0,1.0,1.0,1.0,6.0,4.0,5.0,3.0,1.0,2.0,2,2,-1,0,2,0,2,1,1,-1,2,-2,0,2,0.0,16.0,1,1,0,1,0,0,1,0,0,0,1,0,0,1,0,0,0,0,0,1,0,0,0,30.0
412,1.0,1.0,1.0,1.0,1.0,1.0,6.0,3.0,4.0,1.0,2.0,5.0,0,0,0,0,0,0,0,0,0,0,0,0,0,0,0.0,16.0,1,1,0,0,1,0,1,0,0,0,1,0,0,1,1,0,0,0,0,0,0,0,0,45.0
415,1.0,1.0,1.0,1.0,1.0,1.0,4.0,5.0,6.0,3.0,1.0,2.0,2,2,2,2,2,2,2,0,0,2,2,-2,0,2,1.0,19.0,1,1,0,1,0,0,1,0,0,0,1,0,1,0,0,1,0,0,0,0,0,0,0,60.0
416,1.0,1.0,1.0,1.0,1.0,1.0,1.0,2.0,3.0,4.0,5.0,6.0,2,2,2,2,2,2,-2,1,1,1,1,2,1,2,0.0,14.0,1,0,1,1,0,0,1,0,0,0,1,0,0,1,0,0,0,1,0,0,0,0,0,60.0
418,1.0,1.0,1.0,1.0,1.0,1.0,4.0,5.0,6.0,1.0,2.0,3.0,2,2,2,1,2,0,2,1,0,2,2,0,0,2,1.0,16.0,1,0,1,1,0,0,1,0,0,0,0,1,0,1,0,0,0,0,0,1,0,0,0,45.0
419,1.0,1.0,1.0,1.0,1.0,1.0,4.0,6.0,5.0,3.0,1.0,2.0,2,2,2,1,2,-1,1,1,1,2,2,0,0,2,1.0,19.0,1,0,1,0,1,0,1,0,0,0,0,1,0,1,1,0,0,0,0,0,0,0,0,45.0
422,1.0,1.0,1.0,1.0,1.0,1.0,4.0,5.0,2.0,6.0,3.0,1.0,2,2,2,2,2,1,2,2,0,1,2,-2,1,2,1.0,14.0,1,0,1,0,1,0,0,1,1,0,0,1,0,1,0,0,0,0,0,1,0,0,0,45.0
423,1.0,1.0,1.0,1.0,1.0,1.0,6.0,2.0,3.0,5.0,4.0,1.0,2,2,2,-1,2,-2,-2,1,-2,2,2,-2,1,2,0.0,14.0,1,0,1,1,0,0,1,0,0,0,0,1,0,1,1,0,0,0,0,0,0,0,0,45.0
424,1.0,1.0,1.0,1.0,1.0,1.0,2.0,3.0,1.0,4.0,5.0,6.0,2,2,2,2,2,2,2,1,1,1,1,1,2,2,1.0,19.0,1,0,1,0,1,0,1,0,0,0,0,1,0,1,0,0,0,0,0,0,1,0,0,45.0
425,1.0,1.0,1.0,1.0,1.0,1.0,3.0,4.0,5.0,2.0,1.0,6.0,2,2,2,2,2,-1,1,1,-1,2,2,-2,1,2,1.0,16.0,1,0,1,0,1,0,0,1,1,0,0,1,0,1,0,0,0,0,0,0,1,0,0,45.0
426,1.0,1.0,1.0,1.0,1.0,1.0,4.0,5.0,6.0,1.0,3.0,2.0,1,1,0,0,2,0,-2,0,0,2,1,0,0,0,1.0,16.0,1,1,0,0,1,0,1,0,0,0,1,0,0,1,0,0,0,0,0,0,0,1,0,45.0
428,1.0,1.0,1.0,1.0,1.0,1.0,6.0,4.0,3.0,5.0,2.0,1.0,2,2,2,0,0,-1,-1,1,-1,1,1,-2,0,2,1.0,14.0,1,0,1,0,1,0,1,0,0,0,1,0,0,1,0,0,0,0,1,0,0,0,0,30.0
430,1.0,1.0,1.0,1.0,1.0,1.0,4.0,5.0,6.0,1.0,2.0,3.0,2,2,2,1,2,-2,-2,1,-2,2,2,-2,0,2,1.0,16.0,1,0,1,0,1,0,1,0,0,0,0,1,1,0,0,0,1,0,0,0,0,0,0,45.0
432,1.0,1.0,1.0,1.0,1.0,1.0,4.0,5.0,6.0,2.0,3.0,1.0,2,1,1,1,1,0,1,0,0,0,0,-1,1,2,0.0,19.0,1,0,1,1,0,0,1,0,0,0,0,1,1,0,0,0,0,0,0,0,0,0,1,30.0
433,1.0,1.0,1.0,1.0,1.0,1.0,1.0,2.0,3.0,4.0,5.0,6.0,2,2,1,1,2,0,0,0,0,1,1,2,0,2,1.0,14.0,1,1,0,0,0,1,1,0,0,0,1,0,1,0,0,1,0,0,0,0,0,0,0,45.0
434,1.0,1.0,1.0,1.0,1.0,1.0,6.0,5.0,2.0,3.0,1.0,4.0,2,2,2,2,2,2,2,2,2,2,2,0,0,2,1.0,16.0,1,0,1,0,1,0,0,1,0,1,1,0,1,0,1,0,0,0,0,0,0,0,0,30.0
435,1.0,1.0,1.0,1.0,1.0,1.0,6.0,5.0,3.0,2.0,1.0,4.0,2,2,2,0,2,0,1,2,1,1,2,-1,1,1,1.0,16.0,1,0,1,0,1,0,0,1,1,0,0,1,0,1,0,0,0,0,0,1,0,0,0,30.0
436,1.0,1.0,1.0,1.0,1.0,1.0,3.0,4.0,5.0,6.0,1.0,2.0,-1,0,1,0,2,0,-1,-1,-1,1,2,0,0,1,1.0,19.0,1,1,0,0,0,1,1,0,0,0,0,1,1,0,0,0,0,0,0,0,1,0,0,45.0
437,1.0,1.0,1.0,1.0,1.0,1.0,3.0,4.0,5.0,6.0,1.0,2.0,0,0,0,0,0,0,1,0,0,1,1,0,0,0,0.0,12.0,1,1,0,0,0,1,1,0,0,0,1,0,0,1,0,0,0,0,0,0,1,0,0,45.0
438,1.0,1.0,1.0,1.0,1.0,1.0,5.0,6.0,4.0,1.0,2.0,3.0,2,2,2,0,2,2,2,2,2,2,2,0,0,2,1.0,16.0,1,0,1,0,1,0,0,1,1,0,0,1,0,1,0,0,0,0,0,0,1,0,0,30.0
439,1.0,1.0,1.0,1.0,1.0,1.0,6.0,4.0,1.0,3.0,2.0,5.0,2,2,2,1,1,0,2,1,0,1,2,1,0,2,0.0,14.0,1,0,1,0,1,0,1,0,0,0,0,1,0,1,0,0,1,0,0,0,0,0,0,60.0
440,1.0,1.0,1.0,1.0,1.0,1.0,5.0,6.0,4.0,3.0,1.0,2.0,2,1,1,2,2,-2,0,1,-1,0,1,-2,1,2,1.0,14.0,1,0,1,1,0,0,1,0,0,0,0,1,0,1,0,0,0,0,0,1,0,0,0,18.0
441,1.0,1.0,1.0,1.0,1.0,1.0,4.0,5.0,6.0,2.0,1.0,3.0,2,2,2,1,2,1,1,2,2,1,2,-1,0,2,1.0,14.0,1,0,1,1,0,0,1,0,0,0,1,0,0,1,0,0,0,0,0,0,0,0,1,30.0
442,1.0,1.0,1.0,1.0,1.0,1.0,6.0,5.0,3.0,1.0,4.0,2.0,2,2,2,2,2,2,2,2,2,2,2,1,2,2,0.0,12.0,1,0,1,0,1,0,0,1,0,1,1,0,0,1,0,0,0,0,1,0,0,0,0,18.0
444,1.0,1.0,1.0,1.0,1.0,1.0,5.0,2.0,6.0,1.0,3.0,4.0,2,2,2,1,2,1,2,1,1,2,2,1,1,2,1.0,19.0,1,0,1,0,1,0,1,0,0,0,0,1,0,1,0,0,0,0,0,1,0,0,0,45.0
445,1.0,1.0,1.0,1.0,1.0,1.0,4.0,5.0,6.0,1.0,2.0,3.0,2,2,2,1,2,1,1,1,-1,2,2,2,1,2,1.0,16.0,1,0,1,1,0,0,1,0,0,0,0,1,1,0,0,0,0,0,0,0,0,0,1,30.0
448,1.0,1.0,1.0,1.0,1.0,1.0,6.0,5.0,4.0,1.0,2.0,3.0,2,1,1,-1,2,-2,1,1,-1,2,2,-2,1,2,1.0,16.0,1,1,0,0,1,0,1,0,0,0,0,1,0,1,0,0,0,0,1,0,0,0,0,18.0
449,1.0,1.0,1.0,1.0,1.0,1.0,4.0,5.0,6.0,1.0,2.0,3.0,2,2,2,0,2,0,2,2,2,1,2,-2,0,2,1.0,16.0,1,1,0,0,1,0,1,0,0,0,1,0,0,1,0,0,0,0,0,1,0,0,0,30.0
452,1.0,1.0,1.0,1.0,1.0,1.0,5.0,6.0,3.0,1.0,2.0,4.0,2,2,2,2,2,1,2,2,2,2,2,0,2,0,1.0,14.0,1,0,1,0,1,0,0,1,1,0,0,1,0,1,0,0,0,0,0,1,0,0,0,45.0
454,1.0,1.0,1.0,1.0,1.0,1.0,4.0,5.0,6.0,1.0,2.0,3.0,2,1,2,1,1,-1,-1,1,1,2,2,2,1,2,0.0,14.0,1,0,1,1,0,0,0,1,1,0,0,1,1,0,1,0,0,0,0,0,0,0,0,18.0
455,1.0,1.0,1.0,1.0,1.0,1.0,4.0,5.0,6.0,1.0,2.0,3.0,2,1,1,0,2,0,-2,1,1,2,2,0,0,2,0.0,16.0,1,0,1,0,0,1,1,0,0,0,1,0,1,0,0,0,0,0,1,0,0,0,0,30.0
457,1.0,1.0,1.0,1.0,1.0,1.0,4.0,6.0,5.0,1.0,3.0,2.0,1,2,1,-1,1,0,-1,0,0,1,1,1,1,2,1.0,19.0,1,0,1,0,0,1,1,0,0,0,1,0,0,1,0,0,0,0,0,1,0,0,0,18.0
458,1.0,1.0,1.0,1.0,1.0,1.0,4.0,5.0,6.0,1.0,2.0,3.0,2,2,2,1,2,2,2,2,2,2,2,-2,0,2,1.0,19.0,1,0,1,1,0,0,1,0,0,0,0,1,0,1,0,0,0,0,0,0,0,0,1,45.0
460,1.0,1.0,1.0,1.0,1.0,1.0,1.0,2.0,3.0,4.0,5.0,6.0,2,2,2,0,2,0,-1,0,0,0,2,2,0,2,1.0,19.0,1,1,0,0,0,1,1,0,0,0,1,0,1,0,0,0,0,0,0,0,1,0,0,45.0
461,1.0,1.0,1.0,1.0,1.0,1.0,4.0,2.0,3.0,5.0,6.0,1.0,1,0,1,1,2,1,1,2,2,1,1,-2,-2,-1,0.0,14.0,1,1,0,0,0,1,1,0,0,0,0,1,0,1,1,0,0,0,0,0,0,0,0,30.0
467,1.0,1.0,1.0,1.0,1.0,1.0,4.0,5.0,6.0,1.0,2.0,3.0,1,1,0,1,1,0,1,0,2,0,0,-2,0,1,0.0,14.0,1,0,1,1,0,0,0,1,0,1,0,1,1,0,0,0,0,0,0,0,1,0,0,18.0
468,1.0,1.0,1.0,1.0,1.0,1.0,1.0,2.0,3.0,4.0,5.0,6.0,1,1,1,1,1,1,1,1,1,1,1,1,1,1,1.0,14.0,1,0,1,0,1,0,1,0,0,0,0,1,0,1,0,0,0,0,0,0,1,0,0,45.0
469,1.0,1.0,1.0,1.0,1.0,1.0,3.0,4.0,5.0,6.0,1.0,2.0,1,1,1,1,2,0,-1,0,0,2,2,2,1,2,0.0,14.0,1,1,0,0,0,1,1,0,0,0,1,0,1,0,0,0,1,0,0,0,0,0,0,30.0
476,1.0,1.0,1.0,1.0,1.0,1.0,6.0,4.0,1.0,3.0,5.0,2.0,2,2,2,2,2,2,2,2,2,2,2,1,1,2,0.0,16.0,1,0,1,0,1,0,0,1,0,1,0,1,0,1,0,0,0,0,1,0,0,0,0,45.0
477,1.0,1.0,1.0,1.0,1.0,1.0,5.0,4.0,6.0,1.0,2.0,3.0,1,2,1,-1,2,-2,-2,0,-1,2,2,2,2,2,0.0,16.0,1,0,1,0,1,0,1,0,0,0,0,1,0,1,0,0,0,0,1,0,0,0,0,30.0
478,1.0,1.0,1.0,1.0,1.0,1.0,2.0,3.0,4.0,5.0,1.0,6.0,1,1,1,0,1,0,-1,0,0,1,1,0,0,1,1.0,19.0,1,1,0,0,0,1,1,0,0,0,1,0,1,0,1,0,0,0,0,0,0,0,0,45.0
479,1.0,1.0,1.0,1.0,1.0,1.0,3.0,5.0,6.0,1.0,2.0,4.0,2,2,2,1,2,-2,-2,1,0,1,2,1,2,2,1.0,14.0,1,0,1,0,1,0,1,0,0,0,0,1,1,0,0,0,1,0,0,0,0,0,0,45.0
481,1.0,1.0,1.0,1.0,1.0,1.0,1.0,2.0,3.0,4.0,5.0,6.0,2,2,2,2,2,-2,0,1,-1,2,2,2,2,2,1.0,14.0,1,0,1,0,1,0,0,1,1,0,0,1,0,1,0,0,0,0,0,0,1,0,0,60.0
483,1.0,1.0,1.0,1.0,1.0,1.0,3.0,4.0,5.0,6.0,1.0,2.0,2,2,2,0,2,0,0,0,0,2,2,0,0,2,1.0,16.0,1,1,0,0,0,1,1,0,0,0,1,0,1,0,0,0,0,0,0,1,0,0,0,60.0
484,1.0,1.0,1.0,1.0,1.0,1.0,4.0,6.0,5.0,1.0,2.0,3.0,2,2,2,0,2,-2,-1,0,-2,2,2,0,0,2,0.0,16.0,1,0,1,1,0,0,0,1,1,0,0,1,1,0,0,0,0,0,0,0,1,0,0,18.0
485,1.0,1.0,1.0,1.0,1.0,1.0,5.0,4.0,6.0,3.0,1.0,2.0,2,1,1,-2,1,1,1,1,0,1,2,-2,-2,0,0.0,14.0,1,0,1,0,1,0,0,1,0,1,0,1,0,1,0,0,0,0,0,0,1,0,0,18.0
490,1.0,1.0,1.0,1.0,1.0,1.0,2.0,4.0,5.0,6.0,3.0,1.0,2,2,2,2,2,2,2,1,1,2,2,1,1,2,1.0,14.0,1,0,1,0,0,1,0,1,0,1,0,1,1,0,0,1,0,0,0,0,0,0,0,60.0
491,1.0,1.0,1.0,1.0,1.0,1.0,5.0,3.0,4.0,6.0,1.0,2.0,2,2,2,1,2,2,0,2,-2,2,2,2,2,2,1.0,16.0,1,0,1,0,0,1,0,1,1,0,0,1,0,1,1,0,0,0,0,0,0,0,0,45.0
493,1.0,1.0,1.0,1.0,1.0,1.0,4.0,5.0,6.0,1.0,2.0,3.0,1,2,1,-1,2,-1,-1,0,-1,1,2,0,1,1,1.0,19.0,1,0,1,0,1,0,1,0,0,0,0,1,0,1,0,0,0,0,0,0,0,0,1,45.0
494,1.0,1.0,1.0,1.0,1.0,1.0,5.0,6.0,4.0,3.0,1.0,2.0,1,-1,-1,-2,-1,-1,2,0,1,1,2,-2,-2,1,0.0,14.0,1,0,1,0,1,0,1,0,0,0,1,0,1,0,0,0,0,0,0,1,0,0,0,18.0
495,1.0,1.0,1.0,1.0,1.0,1.0,3.0,4.0,5.0,6.0,2.0,1.0,2,1,2,0,2,0,1,2,0,2,2,0,0,2,0.0,14.0,1,0,1,0,0,1,1,0,0,0,0,1,1,0,1,0,0,0,0,0,0,0,0,60.0
497,1.0,1.0,1.0,1.0,1.0,1.0,3.0,4.0,5.0,6.0,1.0,2.0,2,2,2,1,2,0,2,2,2,2,2,1,0,2,1.0,12.0,1,0,1,0,1,0,1,0,0,0,1,0,1,0,1,0,0,0,0,0,0,0,0,45.0
498,1.0,1.0,1.0,1.0,1.0,1.0,3.0,4.0,5.0,6.0,1.0,2.0,1,1,0,0,1,0,2,0,0,2,2,0,0,2,0.0,12.0,1,1,0,0,1,0,1,0,0,0,1,0,1,0,1,0,0,0,0,0,0,0,0,60.0
499,1.0,1.0,1.0,1.0,1.0,1.0,3.0,6.0,5.0,2.0,4.0,1.0,1,1,1,0,2,-1,-2,0,0,2,2,0,0,2,1.0,19.0,1,1,0,0,0,1,1,0,0,0,1,0,0,1,0,0,1,0,0,0,0,0,0,45.0
500,1.0,1.0,1.0,1.0,1.0,1.0,4.0,5.0,6.0,2.0,1.0,3.0,2,2,2,1,2,0,0,0,0,2,2,0,0,2,0.0,16.0,1,0,1,1,0,0,1,0,0,0,1,0,1,0,0,0,0,1,0,0,0,0,0,18.0
501,1.0,1.0,1.0,1.0,1.0,1.0,4.0,3.0,6.0,5.0,1.0,2.0,2,2,1,0,2,0,1,0,0,2,2,-1,-1,2,1.0,16.0,1,0,1,0,1,0,0,1,1,0,0,1,1,0,0,0,0,0,0,1,0,0,0,30.0
503,1.0,1.0,1.0,1.0,1.0,1.0,5.0,3.0,6.0,4.0,1.0,2.0,2,2,2,2,2,1,2,2,2,1,2,1,2,2,1.0,16.0,1,0,1,0,1,0,1,0,0,0,0,1,1,0,0,1,0,0,0,0,0,0,0,30.0
505,1.0,1.0,1.0,1.0,1.0,1.0,1.0,5.0,2.0,6.0,3.0,4.0,2,2,2,2,2,2,-2,0,1,2,2,0,0,2,1.0,14.0,1,1,0,1,0,0,0,1,1,0,0,1,1,0,0,0,0,0,0,0,1,0,0,60.0
506,1.0,1.0,1.0,1.0,1.0,1.0,4.0,5.0,6.0,3.0,2.0,1.0,2,2,2,1,2,-1,-2,0,0,2,2,0,0,2,1.0,19.0,1,0,1,0,0,1,1,0,0,0,1,0,1,0,0,0,0,0,0,0,1,0,0,60.0
507,1.0,1.0,1.0,1.0,1.0,1.0,4.0,3.0,5.0,6.0,2.0,1.0,2,2,2,2,2,-1,-2,0,0,2,2,0,0,2,1.0,19.0,1,0,1,0,0,1,1,0,0,0,0,1,1,0,0,0,0,0,0,0,0,0,1,60.0
508,1.0,1.0,1.0,1.0,1.0,1.0,2.0,3.0,4.0,5.0,1.0,6.0,0,2,0,0,0,0,2,0,0,0,0,0,0,0,0.0,16.0,1,1,0,0,0,1,1,0,0,0,1,0,0,1,1,0,0,0,0,0,0,0,0,60.0
509,1.0,1.0,1.0,1.0,1.0,1.0,3.0,1.0,2.0,4.0,5.0,6.0,2,2,2,1,1,1,0,1,0,1,1,0,0,2,0.0,14.0,1,0,1,1,0,0,0,1,0,1,0,1,0,1,0,0,0,0,1,0,0,0,0,60.0
514,1.0,1.0,1.0,1.0,1.0,1.0,4.0,5.0,3.0,6.0,2.0,1.0,2,2,1,1,2,1,-2,1,0,2,2,1,0,2,0.0,14.0,1,0,1,1,0,0,1,0,0,0,1,0,0,1,1,0,0,0,0,0,0,0,0,45.0
517,1.0,1.0,1.0,1.0,1.0,1.0,6.0,3.0,4.0,5.0,1.0,2.0,1,-1,0,1,1,1,1,0,2,1,2,-1,1,1,1.0,16.0,1,0,1,1,0,0,1,0,0,0,0,1,1,0,0,0,1,0,0,0,0,0,0,18.0
518,1.0,1.0,1.0,1.0,1.0,1.0,6.0,4.0,5.0,3.0,2.0,1.0,2,2,2,1,2,-2,0,0,0,0,1,-2,0,2,0.0,14.0,1,0,1,1,0,0,1,0,0,0,0,1,0,1,0,0,0,0,0,0,1,0,0,18.0
519,1.0,1.0,1.0,1.0,1.0,1.0,4.0,6.0,3.0,2.0,1.0,5.0,2,2,2,2,2,-1,2,1,0,2,2,-2,1,2,1.0,16.0,1,0,1,1,0,0,0,1,0,1,0,1,0,1,1,0,0,0,0,0,0,0,0,60.0
520,1.0,1.0,1.0,1.0,1.0,1.0,4.0,5.0,6.0,1.0,2.0,3.0,2,1,1,0,2,0,0,2,0,2,2,0,0,2,1.0,19.0,1,0,1,0,1,0,1,0,0,0,1,0,1,0,0,0,0,0,1,0,0,0,0,45.0
521,1.0,1.0,1.0,1.0,1.0,1.0,1.0,5.0,3.0,4.0,6.0,2.0,1,2,2,1,2,1,2,1,0,0,2,0,0,2,1.0,14.0,1,1,0,0,1,0,1,0,0,0,1,0,0,1,0,0,0,0,0,0,0,1,0,18.0
522,1.0,1.0,1.0,1.0,1.0,1.0,3.0,4.0,5.0,6.0,1.0,2.0,1,2,2,2,2,1,2,0,0,2,2,0,0,2,1.0,16.0,1,0,1,0,0,1,1,0,0,0,0,1,1,0,0,0,0,0,0,0,0,1,0,60.0
523,1.0,1.0,1.0,1.0,1.0,1.0,1.0,3.0,4.0,5.0,2.0,6.0,2,2,2,0,2,0,2,0,0,2,2,0,0,2,1.0,12.0,1,0,1,0,0,1,1,0,0,0,1,0,0,1,0,0,0,0,0,0,1,0,0,60.0
524,1.0,1.0,1.0,1.0,1.0,1.0,2.0,1.0,3.0,6.0,4.0,5.0,2,2,2,2,2,2,2,2,2,2,2,2,2,2,1.0,19.0,1,0,1,0,1,0,1,0,0,0,0,1,0,1,0,0,0,0,0,0,1,0,0,60.0
527,1.0,1.0,1.0,1.0,1.0,1.0,4.0,5.0,6.0,2.0,1.0,3.0,2,2,2,0,0,0,-2,1,0,2,2,0,0,2,1.0,16.0,1,0,1,0,0,1,1,0,0,0,1,0,1,0,0,0,0,0,0,0,1,0,0,30.0
528,1.0,1.0,1.0,1.0,1.0,1.0,6.0,4.0,5.0,1.0,2.0,3.0,2,2,2,0,1,1,2,1,0,1,2,-1,-1,0,0.0,16.0,1,0,1,0,1,0,0,1,0,1,0,1,0,1,0,0,0,0,0,0,0,0,1,30.0
529,1.0,1.0,1.0,1.0,1.0,1.0,4.0,5.0,6.0,1.0,2.0,3.0,2,2,2,2,2,0,1,1,0,2,2,0,0,1,0.0,14.0,1,1,0,0,0,1,1,0,0,0,1,0,1,0,0,0,0,0,0,0,1,0,0,60.0
530,1.0,1.0,1.0,1.0,1.0,1.0,6.0,4.0,5.0,3.0,1.0,2.0,2,2,2,1,2,2,2,2,2,2,2,-1,2,2,0.0,16.0,1,0,1,0,1,0,0,1,1,0,0,1,0,1,0,0,0,0,1,0,0,0,0,30.0
531,1.0,1.0,1.0,1.0,1.0,1.0,1.0,2.0,3.0,4.0,5.0,6.0,0,2,1,0,2,0,1,0,0,0,2,0,0,1,0.0,14.0,1,1,0,0,0,1,1,0,0,0,1,0,1,0,0,0,0,0,0,1,0,0,0,30.0
532,1.0,1.0,1.0,1.0,1.0,1.0,4.0,5.0,6.0,1.0,2.0,3.0,2,2,2,0,0,0,2,0,0,2,2,-2,-2,2,1.0,19.0,1,0,1,0,1,0,0,1,0,1,0,1,1,0,0,0,0,0,0,1,0,0,0,30.0
534,1.0,1.0,1.0,1.0,1.0,1.0,2.0,3.0,4.0,1.0,5.0,6.0,2,2,2,2,2,2,2,2,2,2,2,2,2,2,0.0,14.0,1,0,1,1,0,0,1,0,0,0,0,1,1,0,0,0,0,0,0,1,0,0,0,60.0
535,1.0,1.0,1.0,1.0,1.0,1.0,1.0,4.0,5.0,6.0,2.0,3.0,2,2,2,2,2,0,-1,2,0,2,2,2,0,2,1.0,16.0,1,0,1,1,0,0,0,1,0,1,0,1,1,0,0,0,1,0,0,0,0,0,0,45.0
537,1.0,1.0,1.0,1.0,1.0,1.0,4.0,2.0,3.0,1.0,5.0,6.0,2,2,1,1,2,1,1,1,1,2,2,1,2,2,1.0,16.0,1,0,1,0,1,0,0,1,0,1,0,1,1,0,0,0,0,0,0,1,0,0,0,60.0
538,1.0,1.0,1.0,1.0,1.0,1.0,6.0,5.0,2.0,1.0,4.0,3.0,2,2,2,2,2,1,-1,1,0,2,2,-2,0,2,1.0,19.0,1,0,1,0,0,1,1,0,0,0,0,1,0,1,0,0,0,0,0,1,0,0,0,45.0
541,1.0,1.0,1.0,1.0,1.0,1.0,4.0,5.0,6.0,3.0,1.0,2.0,2,2,2,0,2,0,1,1,0,2,2,0,0,0,1.0,16.0,1,1,0,1,0,0,1,0,0,0,1,0,1,0,0,0,0,0,0,0,0,0,1,45.0
545,1.0,1.0,1.0,1.0,1.0,1.0,4.0,6.0,5.0,1.0,2.0,3.0,2,1,2,1,2,-2,1,-1,0,1,2,-1,-1,2,1.0,16.0,1,0,1,0,1,0,0,1,1,0,0,1,1,0,0,0,0,1,0,0,0,0,0,45.0
549,1.0,1.0,1.0,1.0,1.0,1.0,1.0,5.0,6.0,3.0,2.0,4.0,2,2,2,2,2,1,2,1,2,1,1,1,1,2,1.0,12.0,1,0,1,1,0,0,0,1,0,1,0,1,1,0,1,0,0,0,0,0,0,0,0,60.0
551,1.0,1.0,1.0,1.0,1.0,1.0,4.0,5.0,6.0,3.0,1.0,2.0,1,1,1,0,0,0,0,0,0,0,0,0,0,0,1.0,12.0,1,1,0,1,0,0,1,0,0,0,1,0,0,1,0,0,1,0,0,0,0,0,0,30.0
552,1.0,1.0,1.0,1.0,1.0,1.0,5.0,3.0,6.0,4.0,1.0,2.0,2,2,2,2,2,0,2,1,1,2,2,0,0,2,1.0,19.0,1,1,0,1,0,0,0,1,1,0,1,0,1,0,0,0,0,1,0,0,0,0,0,60.0
555,1.0,1.0,1.0,1.0,1.0,1.0,1.0,4.0,5.0,6.0,2.0,3.0,0,0,0,0,0,0,0,0,0,0,0,0,0,0,0.0,19.0,1,1,0,0,0,1,1,0,0,0,1,0,0,1,1,0,0,0,0,0,0,0,0,45.0
556,1.0,1.0,1.0,1.0,1.0,1.0,3.0,4.0,6.0,5.0,1.0,2.0,2,2,1,1,2,0,-1,0,0,1,2,1,0,-1,1.0,14.0,1,1,0,0,0,1,1,0,0,0,1,0,0,1,1,0,0,0,0,0,0,0,0,45.0
561,1.0,1.0,1.0,1.0,1.0,1.0,5.0,3.0,6.0,4.0,1.0,2.0,2,2,2,2,2,-2,-2,0,-1,2,2,0,-1,2,1.0,14.0,1,0,1,0,1,0,1,0,0,0,0,1,0,1,0,0,0,0,0,0,1,0,0,45.0
563,1.0,1.0,1.0,1.0,1.0,1.0,2.0,3.0,5.0,4.0,1.0,6.0,2,2,2,2,2,2,2,2,1,2,2,2,1,2,0.0,14.0,1,0,1,0,0,1,1,0,0,0,0,1,1,0,0,0,1,0,0,0,0,0,0,60.0
564,1.0,1.0,1.0,1.0,1.0,1.0,5.0,6.0,4.0,2.0,1.0,3.0,2,2,2,-1,2,-2,1,0,0,2,2,-1,1,2,0.0,16.0,1,0,1,0,1,0,1,0,0,0,1,0,1,0,0,0,0,0,1,0,0,0,0,18.0
565,1.0,1.0,1.0,1.0,1.0,1.0,4.0,5.0,6.0,1.0,2.0,3.0,2,2,2,-1,2,-1,2,2,2,2,2,0,-1,1,0.0,16.0,1,0,1,0,1,0,0,1,1,0,1,0,0,1,1,0,0,0,0,0,0,0,0,45.0
568,1.0,1.0,1.0,1.0,1.0,1.0,6.0,5.0,4.0,2.0,1.0,3.0,2,2,2,-2,2,1,2,2,2,-1,-1,-2,-1,1,1.0,14.0,1,0,1,0,1,0,0,1,0,1,0,1,0,1,0,0,0,0,0,0,1,0,0,18.0
569,1.0,1.0,1.0,1.0,1.0,1.0,6.0,4.0,5.0,3.0,1.0,2.0,1,1,0,-2,0,2,2,0,2,-1,-1,-2,-2,1,0.0,14.0,1,1,0,0,0,1,1,0,0,0,0,1,0,1,0,0,0,0,0,0,1,0,0,30.0
570,1.0,1.0,1.0,1.0,1.0,1.0,2.0,3.0,4.0,6.0,5.0,1.0,2,2,2,2,2,-2,-2,2,0,2,2,1,1,1,1.0,16.0,1,0,1,0,0,1,1,0,0,0,0,1,0,1,0,0,0,0,1,0,0,0,0,45.0
571,1.0,1.0,1.0,1.0,1.0,1.0,3.0,4.0,5.0,6.0,2.0,1.0,2,2,2,0,2,0,-2,0,2,2,0,0,0,2,1.0,12.0,1,1,0,0,1,0,1,0,0,0,1,0,1,0,0,0,0,0,0,1,0,0,0,60.0
572,1.0,1.0,1.0,1.0,1.0,1.0,2.0,1.0,3.0,4.0,5.0,6.0,2,2,2,2,2,2,1,1,1,2,2,1,1,1,1.0,14.0,1,1,0,1,0,0,1,0,0,0,1,0,1,0,0,0,0,0,0,0,0,1,0,45.0
574,1.0,1.0,1.0,1.0,1.0,1.0,4.0,5.0,1.0,6.0,2.0,3.0,2,2,2,2,2,2,2,0,0,2,2,1,2,2,0.0,14.0,1,0,1,0,0,1,1,0,0,0,0,1,1,0,0,0,0,0,0,0,1,0,0,30.0
576,1.0,1.0,1.0,1.0,1.0,1.0,1.0,3.0,4.0,5.0,2.0,6.0,0,0,0,0,0,0,0,0,0,0,0,0,0,0,1.0,16.0,1,1,0,0,0,1,1,0,0,0,1,0,1,0,0,0,0,0,0,0,1,0,0,18.0
581,1.0,1.0,1.0,1.0,1.0,1.0,4.0,1.0,5.0,6.0,3.0,2.0,2,2,-1,-1,2,0,2,0,2,2,2,0,1,2,1.0,14.0,1,0,1,0,1,0,0,1,1,0,0,1,1,0,0,0,0,0,0,1,0,0,0,18.0
584,1.0,1.0,1.0,1.0,1.0,1.0,1.0,2.0,3.0,4.0,5.0,6.0,2,2,2,2,2,2,2,2,2,2,2,2,2,2,1.0,14.0,1,0,1,0,1,0,0,1,0,1,0,1,1,0,0,0,0,0,0,0,0,1,0,60.0
585,1.0,1.0,1.0,1.0,1.0,1.0,6.0,5.0,4.0,2.0,1.0,3.0,2,2,2,-2,2,2,2,2,1,1,1,-2,-2,1,0.0,19.0,1,0,1,0,1,0,0,1,1,0,1,0,0,1,0,0,0,0,0,0,1,0,0,18.0
586,1.0,1.0,1.0,1.0,1.0,1.0,3.0,4.0,5.0,1.0,2.0,6.0,0,0,0,0,0,0,0,0,0,0,0,0,0,0,1.0,16.0,1,1,0,0,0,1,1,0,0,0,1,0,0,1,0,0,0,0,0,1,0,0,0,60.0
590,1.0,1.0,1.0,1.0,1.0,1.0,2.0,1.0,3.0,4.0,5.0,6.0,1,1,1,1,2,-2,-1,0,-2,1,2,0,1,1,1.0,16.0,1,0,1,0,0,1,1,0,0,0,0,1,1,0,0,0,0,0,0,1,0,0,0,18.0
591,1.0,1.0,1.0,1.0,1.0,1.0,5.0,4.0,6.0,3.0,2.0,1.0,2,2,2,2,2,0,2,2,1,0,0,0,0,2,0.0,19.0,1,0,1,1,0,0,1,0,0,0,1,0,1,0,0,0,0,0,0,0,1,0,0,30.0
592,1.0,1.0,1.0,1.0,1.0,1.0,3.0,4.0,1.0,5.0,6.0,2.0,0,1,1,1,1,0,1,0,0,1,1,2,2,1,0.0,14.0,1,1,0,0,0,1,1,0,0,0,1,0,1,0,0,0,0,0,0,1,0,0,0,18.0
593,1.0,1.0,1.0,1.0,1.0,1.0,4.0,6.0,5.0,1.0,2.0,3.0,2,2,2,1,2,0,2,0,0,2,2,2,1,2,1.0,16.0,1,0,1,0,0,1,1,0,0,0,0,1,0,1,1,0,0,0,0,0,0,0,0,45.0
594,1.0,1.0,1.0,1.0,1.0,1.0,4.0,6.0,1.0,2.0,5.0,3.0,2,2,2,1,2,0,1,1,0,1,1,-2,2,2,1.0,16.0,1,0,1,0,1,0,1,0,0,0,0,1,0,1,0,0,1,0,0,0,0,0,0,18.0
595,1.0,1.0,1.0,1.0,1.0,1.0,1.0,2.0,3.0,6.0,4.0,5.0,2,2,2,2,2,-1,0,1,0,2,2,-1,2,2,1.0,19.0,1,0,1,0,1,0,0,1,1,0,0,1,0,1,0,0,0,1,0,0,0,0,0,60.0
598,1.0,1.0,1.0,1.0,1.0,1.0,1.0,2.0,3.0,4.0,5.0,6.0,2,2,2,2,2,0,-2,0,0,0,2,0,0,2,1.0,19.0,1,0,1,0,0,1,1,0,0,0,0,1,1,0,0,0,0,0,0,0,0,0,1,60.0
600,1.0,1.0,1.0,1.0,1.0,1.0,2.0,3.0,4.0,5.0,1.0,6.0,2,2,2,2,2,1,2,1,1,2,2,0,0,2,1.0,19.0,1,1,0,0,1,0,0,1,1,0,1,0,0,1,1,0,0,0,0,0,0,0,0,60.0
601,1.0,1.0,1.0,1.0,1.0,1.0,5.0,6.0,3.0,2.0,1.0,4.0,2,2,2,1,2,1,2,1,0,1,2,-2,-1,1,1.0,14.0,1,0,1,0,1,0,0,1,1,0,0,1,0,1,1,0,0,0,0,0,0,0,0,30.0
602,1.0,1.0,1.0,1.0,1.0,1.0,6.0,1.0,3.0,2.0,4.0,5.0,2,2,2,2,0,2,2,2,2,2,2,2,2,2,0.0,12.0,1,0,1,0,1,0,0,1,0,1,1,0,0,1,1,0,0,0,0,0,0,0,0,18.0
603,1.0,1.0,1.0,1.0,1.0,1.0,6.0,4.0,5.0,1.0,2.0,3.0,2,2,2,2,2,-2,-2,1,-1,2,2,1,2,2,1.0,12.0,1,0,1,0,1,0,1,0,0,0,0,1,0,1,0,0,1,0,0,0,0,0,0,30.0
604,1.0,1.0,1.0,1.0,1.0,1.0,2.0,3.0,4.0,1.0,5.0,6.0,2,2,2,2,2,0,2,1,1,1,1,1,1,2,1.0,12.0,1,1,0,0,0,1,1,0,0,0,1,0,0,1,0,0,0,0,1,0,0,0,0,18.0
606,1.0,1.0,1.0,1.0,1.0,1.0,4.0,5.0,3.0,6.0,1.0,2.0,2,2,2,2,2,0,2,0,0,2,2,0,0,2,1.0,16.0,1,0,1,0,0,1,1,0,0,0,0,1,1,0,0,0,0,1,0,0,0,0,0,30.0
607,1.0,1.0,1.0,1.0,1.0,1.0,4.0,5.0,6.0,1.0,2.0,3.0,2,2,2,1,2,0,1,0,0,1,1,-1,1,2,1.0,14.0,1,0,1,0,1,0,1,0,0,0,1,0,0,1,0,0,0,0,0,1,0,0,0,30.0
608,1.0,1.0,1.0,1.0,1.0,1.0,4.0,5.0,6.0,2.0,1.0,3.0,2,1,1,1,2,0,-2,1,-2,1,1,-2,1,2,0.0,16.0,1,0,1,1,0,0,1,0,0,0,0,1,1,0,0,0,0,0,0,1,0,0,0,45.0
609,1.0,1.0,1.0,1.0,1.0,1.0,3.0,4.0,5.0,6.0,1.0,2.0,2,1,1,1,1,-1,-1,0,0,1,2,1,1,2,1.0,14.0,1,0,1,1,0,0,1,0,0,0,1,0,1,0,0,0,0,0,1,0,0,0,0,30.0
620,1.0,1.0,1.0,1.0,1.0,1.0,6.0,4.0,5.0,3.0,2.0,1.0,2,2,2,1,2,0,0,2,0,2,2,0,0,2,1.0,14.0,1,1,0,1,0,0,0,1,1,0,1,0,1,0,0,0,0,0,0,0,0,0,1,60.0
621,1.0,1.0,1.0,1.0,1.0,1.0,1.0,2.0,3.0,4.0,5.0,6.0,2,1,1,0,1,0,-2,0,0,1,2,-1,0,1,1.0,19.0,1,1,0,0,0,1,1,0,0,0,1,0,1,0,0,0,0,1,0,0,0,0,0,60.0
622,1.0,1.0,1.0,1.0,1.0,1.0,6.0,4.0,5.0,2.0,1.0,3.0,2,1,2,1,1,-2,1,0,1,0,0,0,2,1,1.0,14.0,1,0,1,1,0,0,0,1,1,0,0,1,0,1,0,0,0,0,0,0,1,0,0,45.0
623,1.0,1.0,1.0,1.0,1.0,1.0,4.0,6.0,5.0,3.0,2.0,1.0,2,2,2,2,1,1,0,2,0,2,2,1,1,0,1.0,14.0,1,1,0,0,0,1,1,0,0,0,1,0,1,0,0,0,0,0,0,0,1,0,0,60.0
625,1.0,1.0,1.0,1.0,1.0,1.0,4.0,5.0,6.0,1.0,2.0,3.0,2,2,2,1,2,-2,2,1,-2,1,-2,-2,2,2,1.0,19.0,1,0,1,0,1,0,1,0,0,0,0,1,0,1,0,0,0,0,0,1,0,0,0,60.0
626,1.0,1.0,1.0,1.0,1.0,1.0,2.0,3.0,4.0,5.0,1.0,6.0,2,2,2,0,2,0,0,0,0,2,2,0,0,2,0.0,14.0,1,1,0,0,0,1,1,0,0,0,1,0,1,0,1,0,0,0,0,0,0,0,0,60.0
627,1.0,1.0,1.0,1.0,1.0,1.0,2.0,3.0,1.0,4.0,5.0,6.0,2,2,2,2,0,0,2,0,0,2,2,2,1,2,1.0,12.0,1,0,1,0,0,1,1,0,0,0,1,0,1,0,0,0,0,0,0,0,1,0,0,30.0
630,1.0,1.0,1.0,1.0,1.0,1.0,4.0,5.0,6.0,1.0,2.0,3.0,1,1,1,1,1,0,-2,0,0,2,2,0,0,2,0.0,19.0,1,1,0,0,0,1,1,0,0,0,1,0,0,1,0,0,0,0,1,0,0,0,0,45.0
632,1.0,1.0,1.0,1.0,1.0,1.0,6.0,5.0,3.0,4.0,1.0,2.0,2,2,2,2,2,-2,1,1,2,1,1,-2,1,2,1.0,16.0,1,0,1,1,0,0,1,0,0,0,0,1,0,1,0,0,0,0,1,0,0,0,0,30.0
634,1.0,1.0,1.0,1.0,1.0,1.0,2.0,3.0,4.0,5.0,6.0,1.0,2,2,2,2,2,1,1,0,0,2,2,1,1,2,0.0,14.0,1,0,1,1,0,0,0,1,1,0,0,1,0,1,0,0,0,0,0,0,0,1,0,45.0
635,1.0,1.0,1.0,1.0,1.0,1.0,6.0,5.0,4.0,3.0,2.0,1.0,2,1,2,-1,2,-1,2,1,0,1,2,-2,-1,2,0.0,16.0,1,0,1,0,1,0,0,1,0,1,0,1,1,0,0,0,0,0,0,0,0,0,1,18.0
636,1.0,1.0,1.0,1.0,1.0,1.0,3.0,4.0,5.0,6.0,1.0,2.0,2,2,2,0,2,0,2,2,2,2,2,2,0,2,1.0,19.0,1,0,1,0,0,1,1,0,0,0,1,0,1,0,0,0,0,0,0,1,0,0,0,60.0
637,1.0,1.0,1.0,1.0,1.0,1.0,3.0,4.0,5.0,6.0,1.0,2.0,2,2,2,2,2,0,-2,1,-2,2,2,0,0,2,1.0,19.0,1,0,1,0,1,0,1,0,0,0,1,0,1,0,0,0,0,0,1,0,0,0,0,45.0
639,1.0,1.0,1.0,1.0,1.0,1.0,3.0,4.0,5.0,6.0,1.0,2.0,2,1,2,1,1,0,2,0,0,1,1,0,0,2,1.0,19.0,1,0,1,0,0,1,1,0,0,0,1,0,0,1,1,0,0,0,0,0,0,0,0,45.0
640,1.0,1.0,1.0,1.0,1.0,1.0,2.0,3.0,4.0,1.0,5.0,6.0,1,2,2,1,2,0,1,1,0,2,2,0,0,0,1.0,14.0,1,0,1,0,0,1,1,0,0,0,0,1,1,0,0,0,0,0,0,0,1,0,0,60.0
641,1.0,1.0,1.0,1.0,1.0,1.0,4.0,5.0,6.0,1.0,2.0,3.0,2,2,2,2,2,2,2,2,2,2,2,2,2,2,0.0,14.0,1,0,1,0,1,0,0,1,0,1,0,1,0,1,0,0,0,1,0,0,0,0,0,60.0
642,1.0,1.0,1.0,1.0,1.0,1.0,4.0,5.0,6.0,1.0,2.0,3.0,-1,0,2,0,2,0,1,0,1,1,1,0,0,1,0.0,16.0,1,1,0,0,1,0,0,1,1,0,1,0,0,1,0,0,0,0,0,1,0,0,0,18.0
643,1.0,1.0,1.0,1.0,1.0,1.0,2.0,4.0,5.0,6.0,1.0,3.0,2,2,2,0,0,0,-1,0,0,1,1,0,0,1,0.0,16.0,1,1,0,1,0,0,1,0,0,0,1,0,0,1,0,0,0,0,0,0,0,1,0,60.0
645,1.0,1.0,1.0,1.0,1.0,1.0,4.0,6.0,5.0,3.0,1.0,2.0,2,2,2,2,2,-2,-2,1,-1,2,2,-1,2,2,0.0,19.0,1,0,1,0,1,0,1,0,0,0,0,1,1,0,1,0,0,0,0,0,0,0,0,60.0
650,1.0,1.0,1.0,1.0,1.0,1.0,3.0,4.0,5.0,6.0,1.0,2.0,1,1,0,0,0,0,0,-1,-1,-2,-2,-1,-1,-2,1.0,19.0,1,1,0,0,0,1,1,0,0,0,1,0,0,1,0,0,1,0,0,0,0,0,0,60.0
652,1.0,1.0,1.0,1.0,1.0,1.0,1.0,2.0,3.0,5.0,6.0,4.0,1,2,-1,-2,-1,-2,-2,-2,-2,0,0,0,-2,-1,0.0,14.0,1,0,1,1,0,0,0,1,0,1,0,1,1,0,0,0,0,1,0,0,0,0,0,60.0
653,1.0,1.0,1.0,1.0,1.0,1.0,2.0,6.0,3.0,1.0,5.0,4.0,1,1,1,1,1,-1,-2,0,0,2,2,2,1,2,0.0,19.0,1,0,1,0,0,1,1,0,0,0,1,0,1,0,1,0,0,0,0,0,0,0,0,18.0
654,1.0,1.0,1.0,1.0,1.0,1.0,4.0,5.0,6.0,1.0,2.0,3.0,2,2,2,2,2,0,-1,1,0,2,2,0,0,2,1.0,16.0,1,0,1,0,0,1,1,0,0,0,0,1,0,1,0,0,0,1,0,0,0,0,0,60.0
656,1.0,1.0,1.0,1.0,1.0,1.0,4.0,3.0,5.0,2.0,6.0,1.0,2,2,2,1,2,0,-1,1,-2,2,2,-2,0,2,0.0,16.0,1,0,1,0,1,0,1,0,0,0,1,0,1,0,0,0,0,0,1,0,0,0,0,18.0
657,1.0,1.0,1.0,1.0,1.0,1.0,6.0,4.0,5.0,3.0,2.0,1.0,2,2,2,2,2,0,2,2,2,2,2,-2,2,2,1.0,19.0,1,0,1,1,0,0,0,1,0,1,0,1,1,0,0,0,0,0,0,1,0,0,0,30.0
658,1.0,1.0,1.0,1.0,1.0,1.0,2.0,3.0,4.0,5.0,1.0,6.0,2,2,2,2,2,2,2,2,2,2,2,2,2,2,0.0,16.0,1,1,0,1,0,0,0,1,1,0,1,0,1,0,0,1,0,0,0,0,0,0,0,60.0
659,1.0,1.0,1.0,1.0,1.0,1.0,3.0,4.0,5.0,6.0,1.0,2.0,2,2,2,2,2,0,-2,0,0,2,2,0,0,2,1.0,19.0,1,1,0,0,0,1,1,0,0,0,1,0,1,0,0,0,0,0,0,0,1,0,0,30.0
662,1.0,1.0,1.0,1.0,1.0,1.0,2.0,3.0,4.0,5.0,1.0,6.0,2,2,2,2,2,1,2,1,1,0,2,1,1,1,1.0,14.0,1,1,0,1,0,0,0,1,1,0,1,0,1,0,0,0,0,0,0,1,0,0,0,60.0
664,1.0,1.0,1.0,1.0,1.0,1.0,2.0,3.0,4.0,1.0,5.0,6.0,0,1,2,0,0,-1,0,0,0,0,2,0,0,1,1.0,14.0,1,1,0,0,0,1,1,0,0,0,1,0,1,0,0,1,0,0,0,0,0,0,0,60.0
665,1.0,1.0,1.0,1.0,1.0,1.0,3.0,4.0,5.0,6.0,1.0,2.0,2,2,2,2,2,2,2,1,1,2,2,1,1,2,1.0,14.0,1,1,0,0,0,1,1,0,0,0,1,0,0,1,0,0,0,0,0,1,0,0,0,60.0
671,1.0,1.0,1.0,1.0,1.0,1.0,3.0,2.0,4.0,5.0,6.0,1.0,2,2,2,2,2,0,-2,0,0,2,2,0,0,2,1.0,16.0,1,0,1,0,0,1,1,0,0,0,1,0,1,0,0,0,0,1,0,0,0,0,0,60.0
673,1.0,1.0,1.0,1.0,1.0,1.0,4.0,5.0,6.0,1.0,3.0,2.0,2,2,2,2,2,1,-1,-1,-1,2,2,0,2,2,1.0,19.0,1,0,1,1,0,0,0,1,0,1,0,1,0,1,0,0,0,0,0,0,0,1,0,60.0
675,1.0,1.0,1.0,1.0,1.0,1.0,4.0,5.0,6.0,2.0,3.0,1.0,2,1,1,0,2,0,1,-1,1,1,1,-1,0,2,1.0,14.0,1,0,1,0,1,0,1,0,0,0,0,1,0,1,0,0,1,0,0,0,0,0,0,45.0
676,1.0,1.0,1.0,1.0,1.0,1.0,5.0,2.0,3.0,4.0,6.0,1.0,0,0,0,0,0,0,0,0,0,0,0,1,0,0,1.0,14.0,1,0,1,0,0,1,0,1,1,0,0,1,0,1,0,0,0,0,1,0,0,0,0,30.0
677,1.0,1.0,1.0,1.0,1.0,1.0,4.0,5.0,6.0,3.0,1.0,2.0,2,2,2,0,2,1,1,0,0,2,2,0,0,2,1.0,16.0,1,1,0,0,1,0,1,0,0,0,0,1,1,0,1,0,0,0,0,0,0,0,0,60.0
679,1.0,1.0,1.0,1.0,1.0,1.0,4.0,5.0,6.0,2.0,3.0,1.0,2,2,2,0,2,0,2,2,2,2,2,2,0,2,1.0,16.0,1,0,1,0,1,0,1,0,0,0,0,1,0,1,0,0,0,0,0,0,0,1,0,30.0
680,1.0,1.0,1.0,1.0,1.0,1.0,5.0,6.0,1.0,2.0,4.0,3.0,2,2,2,1,2,0,1,1,-1,2,-1,1,0,2,1.0,19.0,1,1,0,0,1,0,1,0,0,0,1,0,0,1,0,0,0,1,0,0,0,0,0,60.0
681,1.0,1.0,1.0,1.0,1.0,1.0,4.0,5.0,6.0,2.0,3.0,1.0,2,2,2,0,2,0,-2,2,0,2,2,0,1,2,1.0,19.0,1,1,0,0,1,0,1,0,0,0,1,0,1,0,0,0,1,0,0,0,0,0,0,45.0
683,1.0,1.0,1.0,1.0,1.0,1.0,1.0,2.0,3.0,4.0,5.0,6.0,2,2,2,0,0,0,-2,0,0,2,2,1,0,1,0.0,14.0,1,1,0,0,0,1,1,0,0,0,1,0,1,0,0,0,0,0,0,1,0,0,0,60.0
685,1.0,1.0,1.0,1.0,1.0,1.0,3.0,4.0,5.0,6.0,1.0,2.0,2,2,2,2,2,0,0,0,-1,2,2,-1,0,2,1.0,16.0,1,0,1,1,0,0,0,1,0,1,0,1,1,0,0,0,0,0,0,0,0,0,1,45.0
686,1.0,1.0,1.0,1.0,1.0,1.0,6.0,5.0,4.0,2.0,1.0,3.0,2,2,2,0,1,-2,0,1,0,1,1,-2,0,2,1.0,19.0,1,0,1,0,1,0,0,1,1,0,0,1,1,0,0,0,0,0,0,1,0,0,0,45.0
687,1.0,1.0,1.0,1.0,1.0,1.0,5.0,4.0,6.0,1.0,2.0,3.0,2,2,2,1,2,1,1,0,1,2,2,1,2,2,1.0,16.0,1,0,1,0,0,1,1,0,0,0,1,0,1,0,0,0,0,0,0,0,1,0,0,18.0
689,1.0,1.0,1.0,1.0,1.0,1.0,1.0,2.0,4.0,5.0,6.0,3.0,2,1,0,0,1,0,1,0,0,1,1,0,0,1,0.0,14.0,1,1,0,0,1,0,1,0,0,0,1,0,0,1,0,0,0,0,0,1,0,0,0,45.0
691,1.0,1.0,1.0,1.0,1.0,1.0,4.0,5.0,6.0,2.0,1.0,3.0,0,2,2,1,2,-2,-1,1,0,0,0,0,1,2,1.0,16.0,1,0,1,0,0,1,1,0,0,0,0,1,1,0,0,0,1,0,0,0,0,0,0,45.0
692,1.0,1.0,1.0,1.0,1.0,1.0,1.0,2.0,3.0,4.0,5.0,6.0,0,0,0,0,0,0,0,0,0,0,0,0,0,0,0.0,16.0,1,1,0,0,0,1,1,0,0,0,1,0,0,1,0,0,0,0,0,1,0,0,0,60.0
694,1.0,1.0,1.0,1.0,1.0,1.0,4.0,6.0,5.0,1.0,2.0,3.0,2,2,2,2,2,2,2,1,0,2,2,-2,2,2,1.0,14.0,1,0,1,1,0,0,1,0,0,0,0,1,0,1,0,0,0,0,1,0,0,0,0,45.0
695,1.0,1.0,1.0,1.0,1.0,1.0,1.0,4.0,5.0,6.0,3.0,2.0,2,2,2,2,2,2,2,2,2,2,2,0,0,2,1.0,19.0,1,1,0,0,0,1,1,0,0,0,1,0,1,0,0,0,0,0,0,1,0,0,0,60.0
696,1.0,1.0,1.0,1.0,1.0,1.0,1.0,2.0,3.0,4.0,5.0,6.0,0,0,1,-1,1,0,-2,0,0,2,2,1,1,2,0.0,16.0,1,1,0,0,0,1,1,0,0,0,1,0,1,0,0,0,0,0,0,0,0,1,0,18.0
698,1.0,1.0,1.0,1.0,1.0,1.0,6.0,5.0,2.0,4.0,3.0,1.0,2,2,2,2,2,1,2,0,0,2,0,0,2,2,0.0,12.0,1,0,1,0,0,1,1,0,0,0,1,0,1,0,0,0,0,0,0,0,1,0,0,30.0
700,1.0,1.0,1.0,1.0,1.0,1.0,6.0,5.0,4.0,3.0,2.0,1.0,2,2,2,1,2,2,2,2,2,0,0,-2,0,2,1.0,19.0,1,0,1,0,1,0,0,1,0,1,1,0,0,1,0,0,0,0,1,0,0,0,0,30.0
701,1.0,1.0,1.0,1.0,1.0,1.0,2.0,3.0,4.0,5.0,1.0,6.0,1,1,1,1,1,0,1,1,1,1,1,1,0,1,1.0,16.0,1,1,0,0,0,1,1,0,0,0,1,0,1,0,0,0,0,0,1,0,0,0,0,30.0
702,1.0,1.0,1.0,1.0,1.0,1.0,5.0,6.0,3.0,1.0,4.0,2.0,1,2,2,0,1,-2,-2,0,1,2,2,1,0,2,1.0,14.0,1,0,1,0,1,0,0,1,1,0,0,1,0,1,0,0,0,0,0,0,0,1,0,45.0
703,1.0,1.0,1.0,1.0,1.0,1.0,5.0,4.0,6.0,2.0,1.0,3.0,2,2,2,-2,1,0,0,-2,0,-1,-1,-2,0,1,1.0,19.0,1,1,0,0,0,1,1,0,0,0,1,0,1,0,0,0,1,0,0,0,0,0,0,30.0
704,1.0,1.0,1.0,1.0,1.0,1.0,5.0,4.0,6.0,3.0,1.0,2.0,2,2,2,0,1,-1,-1,1,0,1,1,1,1,2,0.0,14.0,1,0,1,0,1,0,1,0,0,0,0,1,0,1,0,0,0,0,0,0,1,0,0,60.0
705,1.0,1.0,1.0,1.0,1.0,1.0,6.0,5.0,4.0,3.0,1.0,2.0,2,2,2,0,2,2,2,2,2,2,2,-2,-1,2,0.0,19.0,1,0,1,0,1,0,0,1,1,0,0,1,1,0,0,0,0,0,0,0,0,0,1,30.0
706,1.0,1.0,1.0,1.0,1.0,1.0,6.0,5.0,1.0,2.0,3.0,4.0,2,1,1,1,2,1,2,0,0,-1,2,-1,1,2,0.0,19.0,1,0,1,0,1,0,0,1,0,1,0,1,1,0,0,0,0,0,0,1,0,0,0,18.0
711,1.0,1.0,1.0,1.0,1.0,1.0,6.0,4.0,5.0,2.0,1.0,3.0,2,2,2,-1,1,1,2,2,1,2,2,-2,0,2,1.0,19.0,1,0,1,0,1,0,0,1,1,0,1,0,1,0,0,0,0,0,0,1,0,0,0,30.0
712,1.0,1.0,1.0,1.0,1.0,1.0,3.0,4.0,5.0,6.0,1.0,2.0,2,2,1,1,2,-1,-2,0,0,1,2,0,0,2,1.0,16.0,1,1,0,0,0,1,1,0,0,0,0,1,0,1,1,0,0,0,0,0,0,0,0,60.0
713,1.0,1.0,1.0,1.0,1.0,1.0,6.0,4.0,5.0,1.0,2.0,3.0,2,2,2,-2,2,2,2,2,2,2,2,-2,0,2,1.0,16.0,1,0,1,1,0,0,1,0,0,0,1,0,1,0,0,0,0,1,0,0,0,0,0,30.0
714,1.0,1.0,1.0,1.0,1.0,1.0,4.0,5.0,6.0,1.0,2.0,3.0,2,2,2,2,2,2,2,0,0,2,2,2,2,2,1.0,19.0,1,0,1,1,0,0,1,0,0,0,0,1,0,1,0,0,0,0,0,0,0,0,1,45.0
715,1.0,1.0,1.0,1.0,1.0,1.0,6.0,5.0,3.0,2.0,1.0,4.0,2,2,2,1,2,2,2,2,0,1,1,-1,2,2,1.0,9.0,1,0,1,0,1,0,0,1,1,0,0,1,0,1,0,0,0,0,1,0,0,0,0,30.0
716,1.0,1.0,1.0,1.0,1.0,1.0,4.0,5.0,6.0,1.0,2.0,3.0,2,1,2,0,1,0,-2,0,0,1,1,0,0,1,1.0,19.0,1,0,1,0,0,1,1,0,0,0,1,0,1,0,0,0,0,0,0,0,0,1,0,45.0
717,1.0,1.0,1.0,1.0,1.0,1.0,3.0,4.0,5.0,6.0,1.0,2.0,1,1,1,1,1,0,1,1,-1,0,0,-1,0,1,0.0,19.0,1,1,0,0,0,1,1,0,0,0,1,0,0,1,1,0,0,0,0,0,0,0,0,45.0
718,1.0,1.0,1.0,1.0,1.0,1.0,3.0,4.0,5.0,6.0,2.0,1.0,2,2,2,1,2,0,1,0,0,1,1,-1,1,1,1.0,14.0,1,0,1,0,0,1,0,1,1,0,0,1,0,1,0,0,0,0,0,0,0,0,1,60.0
719,1.0,1.0,1.0,1.0,1.0,1.0,3.0,5.0,6.0,1.0,2.0,4.0,2,2,2,1,2,0,2,0,0,2,2,-2,-2,2,1.0,14.0,1,0,1,0,0,1,1,0,0,0,1,0,0,1,1,0,0,0,0,0,0,0,0,60.0
721,1.0,1.0,1.0,1.0,1.0,1.0,3.0,4.0,5.0,6.0,2.0,1.0,2,1,2,1,2,0,2,0,1,2,2,-2,0,2,1.0,16.0,1,1,0,0,1,0,1,0,0,0,1,0,1,0,0,0,0,0,0,0,0,1,0,45.0
722,1.0,1.0,1.0,1.0,1.0,1.0,4.0,5.0,6.0,2.0,1.0,3.0,2,2,2,0,2,0,-2,0,0,2,2,0,0,1,1.0,16.0,1,0,1,0,1,0,1,0,0,0,1,0,0,1,0,0,0,0,0,0,0,1,0,45.0
724,1.0,1.0,1.0,1.0,1.0,1.0,4.0,5.0,6.0,3.0,1.0,2.0,2,2,2,1,1,0,0,0,0,1,1,0,0,2,0.0,16.0,1,0,1,0,0,1,0,1,1,0,0,1,0,1,0,0,0,1,0,0,0,0,0,60.0
725,1.0,1.0,1.0,1.0,1.0,1.0,6.0,5.0,4.0,3.0,2.0,1.0,2,2,2,-2,2,-2,2,1,-1,1,2,-2,-2,2,1.0,19.0,1,0,1,0,1,0,1,0,0,0,1,0,1,0,0,0,0,0,0,0,0,1,0,30.0
728,1.0,1.0,1.0,1.0,1.0,1.0,5.0,4.0,3.0,6.0,1.0,2.0,2,2,2,2,2,1,2,1,1,2,2,1,2,2,1.0,14.0,1,0,1,0,1,0,1,0,0,0,0,1,1,0,0,0,1,0,0,0,0,0,0,18.0
731,1.0,1.0,1.0,1.0,1.0,1.0,5.0,2.0,1.0,6.0,3.0,4.0,2,1,2,2,2,2,2,1,2,2,2,-1,2,2,0.0,14.0,1,0,1,0,1,0,0,1,0,1,1,0,0,1,1,0,0,0,0,0,0,0,0,18.0
732,1.0,1.0,1.0,1.0,1.0,1.0,6.0,3.0,4.0,5.0,1.0,2.0,2,2,2,1,2,0,2,2,0,2,2,-1,-1,2,1.0,19.0,1,0,1,0,1,0,1,0,0,0,0,1,0,1,0,0,0,0,0,0,0,1,0,60.0
735,1.0,1.0,1.0,1.0,1.0,1.0,3.0,6.0,5.0,4.0,1.0,2.0,2,2,2,2,2,2,2,0,2,2,2,-2,-1,2,1.0,14.0,1,0,1,0,1,0,1,0,0,0,0,1,0,1,0,0,0,0,0,0,0,1,0,60.0
739,1.0,1.0,1.0,1.0,1.0,1.0,6.0,5.0,4.0,1.0,3.0,2.0,2,2,2,1,2,-2,2,1,1,2,2,-1,0,2,0.0,14.0,1,0,1,1,0,0,1,0,0,0,0,1,1,0,1,0,0,0,0,0,0,0,0,30.0
741,1.0,1.0,1.0,1.0,1.0,1.0,1.0,2.0,3.0,4.0,5.0,6.0,2,2,2,2,2,2,2,2,2,2,2,2,2,2,0.0,14.0,1,0,1,0,0,1,1,0,0,0,0,1,1,0,1,0,0,0,0,0,0,0,0,60.0
742,1.0,1.0,1.0,1.0,1.0,1.0,6.0,4.0,5.0,1.0,2.0,3.0,2,2,2,-1,2,1,2,-1,1,1,1,-2,2,2,0.0,16.0,1,0,1,0,1,0,1,0,0,0,0,1,0,1,0,0,0,0,0,0,0,1,0,30.0
743,1.0,1.0,1.0,1.0,1.0,1.0,3.0,4.0,5.0,6.0,1.0,2.0,2,2,2,2,2,2,2,2,2,2,2,2,2,2,0.0,14.0,1,0,1,0,0,1,1,0,0,0,0,1,1,0,1,0,0,0,0,0,0,0,0,60.0
745,1.0,1.0,1.0,1.0,1.0,1.0,4.0,5.0,6.0,2.0,1.0,3.0,2,2,2,1,2,1,2,1,2,2,2,-1,1,1,1.0,14.0,1,0,1,0,1,0,0,1,1,0,1,0,0,1,0,0,0,0,0,0,0,0,1,30.0
750,1.0,1.0,1.0,1.0,1.0,1.0,1.0,4.0,5.0,6.0,2.0,3.0,2,2,2,2,2,1,-1,0,0,2,2,0,2,2,1.0,16.0,1,0,1,0,0,1,1,0,0,0,0,1,1,0,0,0,0,0,0,0,0,0,1,30.0
751,1.0,1.0,1.0,1.0,1.0,1.0,5.0,6.0,4.0,1.0,2.0,3.0,2,2,2,1,2,0,1,1,0,2,2,2,1,2,0.0,19.0,1,0,1,0,1,0,1,0,0,0,0,1,0,1,0,1,0,0,0,0,0,0,0,45.0
752,1.0,1.0,1.0,1.0,1.0,1.0,5.0,4.0,1.0,2.0,3.0,6.0,2,2,2,2,2,0,-1,1,0,1,1,0,2,2,1.0,14.0,1,0,1,0,0,1,1,0,0,0,0,1,1,0,0,0,0,0,0,1,0,0,0,45.0
753,1.0,1.0,1.0,1.0,1.0,1.0,4.0,5.0,6.0,1.0,2.0,3.0,2,2,2,0,2,0,-2,2,0,2,2,0,0,2,1.0,16.0,1,1,0,0,1,0,1,0,0,0,1,0,1,0,0,1,0,0,0,0,0,0,0,30.0
754,1.0,1.0,1.0,1.0,1.0,1.0,1.0,4.0,5.0,6.0,2.0,3.0,0,2,0,1,2,0,-2,0,0,2,2,0,0,2,1.0,19.0,1,0,1,1,0,0,1,0,0,0,0,1,1,0,0,0,0,0,0,1,0,0,0,30.0
755,1.0,1.0,1.0,1.0,1.0,1.0,4.0,5.0,6.0,1.0,2.0,3.0,2,2,2,2,2,0,2,2,2,2,2,-1,2,2,1.0,14.0,1,0,1,0,0,1,1,0,0,0,1,0,1,0,0,0,0,1,0,0,0,0,0,30.0
756,1.0,1.0,1.0,1.0,1.0,1.0,5.0,6.0,1.0,2.0,3.0,4.0,2,2,2,0,2,0,2,0,0,2,2,0,0,2,0.0,14.0,1,1,0,0,0,1,1,0,0,0,1,0,1,0,1,0,0,0,0,0,0,0,0,60.0
761,1.0,1.0,1.0,1.0,1.0,1.0,3.0,4.0,5.0,6.0,1.0,2.0,2,2,2,1,2,0,-2,0,-2,2,2,-2,1,2,1.0,14.0,1,0,1,0,1,0,1,0,0,0,0,1,0,1,0,0,1,0,0,0,0,0,0,45.0
762,1.0,1.0,1.0,1.0,1.0,1.0,3.0,4.0,5.0,6.0,1.0,2.0,2,2,2,2,2,2,2,2,2,2,2,2,2,2,1.0,14.0,1,0,1,0,1,0,0,1,0,1,0,1,0,1,0,0,1,0,0,0,0,0,0,60.0
763,1.0,1.0,1.0,1.0,1.0,1.0,2.0,4.0,6.0,5.0,3.0,1.0,2,2,2,-1,2,0,-2,2,-2,2,2,0,0,2,0.0,14.0,1,0,1,0,0,1,1,0,0,0,0,1,0,1,0,0,0,0,0,0,1,0,0,60.0
766,1.0,1.0,1.0,1.0,1.0,1.0,6.0,2.0,3.0,1.0,4.0,5.0,1,0,1,0,1,0,1,0,1,1,1,-2,1,1,1.0,14.0,1,0,1,1,0,0,0,1,1,0,0,1,0,1,0,0,1,0,0,0,0,0,0,30.0
768,1.0,1.0,1.0,1.0,1.0,1.0,5.0,6.0,4.0,1.0,2.0,3.0,2,2,2,2,2,2,2,1,0,2,2,-2,1,1,1.0,19.0,1,0,1,1,0,0,0,1,1,0,0,1,0,1,0,0,0,0,0,1,0,0,0,45.0
770,1.0,1.0,1.0,1.0,1.0,1.0,4.0,5.0,6.0,1.0,2.0,3.0,1,1,1,1,1,0,1,0,1,1,1,1,0,1,1.0,12.0,1,1,0,0,0,1,1,0,0,0,0,1,1,0,0,1,0,0,0,0,0,0,0,30.0
773,1.0,1.0,1.0,1.0,1.0,1.0,2.0,3.0,6.0,5.0,1.0,4.0,2,2,2,1,2,1,1,1,-1,0,0,0,0,-1,0.0,19.0,1,0,1,0,0,1,1,0,0,0,0,1,0,1,0,0,0,0,1,0,0,0,0,60.0
774,1.0,1.0,1.0,1.0,1.0,1.0,4.0,5.0,6.0,1.0,2.0,3.0,2,2,2,-1,2,0,-2,-1,-1,2,2,-1,1,2,0.0,16.0,1,0,1,0,1,0,1,0,0,0,0,1,1,0,0,0,0,0,0,0,0,0,1,30.0
776,1.0,1.0,1.0,1.0,1.0,1.0,1.0,2.0,3.0,4.0,5.0,6.0,2,2,2,0,2,0,-2,0,0,2,2,0,0,2,0.0,14.0,1,0,1,0,0,1,0,1,0,1,0,1,1,0,1,0,0,0,0,0,0,0,0,60.0
778,1.0,1.0,1.0,1.0,1.0,1.0,4.0,5.0,6.0,2.0,3.0,1.0,1,2,2,0,2,-2,1,1,-1,2,2,-2,0,2,1.0,19.0,1,0,1,0,1,0,1,0,0,0,0,1,0,1,0,0,0,0,1,0,0,0,0,60.0
779,1.0,1.0,1.0,1.0,1.0,1.0,6.0,5.0,4.0,1.0,2.0,3.0,2,2,2,2,-2,-2,0,2,-1,2,2,-1,2,2,1.0,14.0,1,0,1,0,0,1,1,0,0,0,0,1,1,0,0,0,0,0,0,0,0,0,1,60.0
780,1.0,1.0,1.0,1.0,1.0,1.0,4.0,5.0,6.0,1.0,2.0,3.0,2,2,2,1,2,0,2,1,0,2,2,0,0,2,1.0,19.0,1,0,1,0,1,0,1,0,0,0,0,1,0,1,0,0,0,0,1,0,0,0,0,60.0
781,1.0,1.0,1.0,1.0,1.0,1.0,1.0,3.0,2.0,4.0,6.0,5.0,0,0,0,0,0,0,0,0,0,0,0,0,0,0,1.0,16.0,1,1,0,0,0,1,0,1,0,1,1,0,0,1,0,0,0,0,0,0,0,0,1,60.0
783,1.0,1.0,1.0,1.0,1.0,1.0,6.0,5.0,4.0,1.0,2.0,3.0,2,2,2,2,2,-2,-2,0,-2,2,2,-1,2,2,1.0,16.0,1,0,1,0,1,0,1,0,0,0,0,1,0,1,0,0,1,0,0,0,0,0,0,30.0
785,1.0,1.0,1.0,1.0,1.0,1.0,3.0,6.0,5.0,2.0,1.0,4.0,2,2,2,2,2,1,2,0,0,2,2,0,2,2,0.0,14.0,1,0,1,0,1,0,1,0,0,0,1,0,1,0,0,0,0,0,0,1,0,0,0,18.0
787,1.0,1.0,1.0,1.0,1.0,1.0,4.0,5.0,6.0,1.0,3.0,2.0,1,2,2,0,2,-2,-2,1,0,2,2,2,2,2,1.0,16.0,1,0,1,0,1,0,1,0,0,0,0,1,0,1,1,0,0,0,0,0,0,0,0,45.0
788,1.0,1.0,1.0,1.0,1.0,1.0,5.0,6.0,1.0,2.0,3.0,4.0,2,2,2,0,2,-1,-2,0,-1,1,1,1,0,2,0.0,14.0,1,0,1,1,0,0,1,0,0,0,1,0,0,1,0,0,0,0,1,0,0,0,0,18.0
789,1.0,1.0,1.0,1.0,1.0,1.0,4.0,5.0,6.0,1.0,3.0,2.0,2,2,2,2,2,1,2,2,2,2,2,0,1,2,0.0,14.0,1,0,1,0,1,0,1,0,0,0,1,0,0,1,1,0,0,0,0,0,0,0,0,45.0
790,1.0,1.0,1.0,1.0,1.0,1.0,5.0,6.0,4.0,2.0,1.0,3.0,2,2,2,-2,2,2,2,2,1,1,1,-2,0,2,1.0,19.0,1,0,1,0,1,0,1,0,0,0,1,0,0,1,1,0,0,0,0,0,0,0,0,60.0
791,1.0,1.0,1.0,1.0,1.0,1.0,4.0,5.0,3.0,6.0,1.0,2.0,2,2,2,2,2,2,2,2,2,2,2,2,2,2,0.0,16.0,1,0,1,0,1,0,1,0,0,0,0,1,0,1,0,0,1,0,0,0,0,0,0,45.0
793,1.0,1.0,1.0,1.0,1.0,1.0,1.0,2.0,3.0,6.0,5.0,4.0,1,1,1,-2,1,-2,-1,0,0,1,1,1,1,2,0.0,16.0,1,1,0,1,0,0,1,0,0,0,0,1,1,0,0,0,0,0,0,0,0,1,0,30.0
794,1.0,1.0,1.0,1.0,1.0,1.0,1.0,6.0,4.0,5.0,2.0,3.0,2,2,2,2,2,0,2,1,0,2,2,0,0,2,1.0,16.0,1,0,1,0,0,1,1,0,0,0,0,1,0,1,0,0,0,0,0,0,0,0,1,60.0
797,1.0,1.0,1.0,1.0,1.0,1.0,6.0,3.0,4.0,2.0,1.0,5.0,1,0,2,1,2,1,2,0,0,1,2,-2,0,2,1.0,19.0,1,0,1,0,0,1,1,0,0,0,1,0,0,1,0,0,0,0,0,0,0,1,0,30.0
798,1.0,1.0,1.0,1.0,1.0,1.0,3.0,4.0,5.0,6.0,2.0,1.0,2,2,2,2,2,1,1,1,1,2,2,2,1,2,1.0,19.0,1,0,1,0,0,1,1,0,0,0,1,0,0,1,0,0,0,0,0,0,1,0,0,45.0
800,1.0,1.0,1.0,1.0,1.0,1.0,1.0,2.0,3.0,4.0,5.0,6.0,2,1,1,1,1,0,1,0,0,0,1,0,0,1,1.0,16.0,1,1,0,0,0,1,1,0,0,0,0,1,0,1,1,0,0,0,0,0,0,0,0,45.0
803,1.0,1.0,1.0,1.0,1.0,1.0,3.0,6.0,4.0,5.0,1.0,2.0,2,2,2,1,2,0,-1,0,0,2,2,0,0,2,0.0,19.0,1,0,1,0,0,1,1,0,0,0,0,1,0,1,0,0,0,0,0,0,0,0,1,60.0
805,1.0,1.0,1.0,1.0,1.0,1.0,2.0,1.0,3.0,6.0,4.0,5.0,1,2,1,1,1,1,2,1,2,1,1,-2,2,2,1.0,19.0,1,0,1,1,0,0,0,1,1,0,0,1,1,0,0,0,0,0,0,1,0,0,0,45.0
809,1.0,1.0,1.0,1.0,1.0,1.0,1.0,2.0,3.0,4.0,5.0,6.0,0,2,2,0,2,0,-2,-1,-1,1,1,-1,-2,0,0.0,12.0,1,1,0,0,0,1,1,0,0,0,1,0,0,1,1,0,0,0,0,0,0,0,0,60.0
810,1.0,1.0,1.0,1.0,1.0,1.0,4.0,5.0,3.0,6.0,2.0,1.0,2,2,2,2,2,0,2,-1,-1,2,2,0,0,2,1.0,14.0,1,0,1,0,0,1,1,0,0,0,0,1,0,1,0,0,1,0,0,0,0,0,0,60.0
811,1.0,1.0,1.0,1.0,1.0,1.0,3.0,4.0,5.0,6.0,1.0,2.0,1,1,1,-1,1,-2,-1,0,0,1,1,-2,1,2,0.0,16.0,1,1,0,0,0,1,1,0,0,0,1,0,1,0,0,0,0,1,0,0,0,0,0,30.0
813,1.0,1.0,1.0,1.0,1.0,1.0,4.0,5.0,6.0,1.0,3.0,2.0,2,2,2,1,2,-2,-1,0,-1,0,0,-2,-1,1,0.0,16.0,1,0,1,1,0,0,0,1,1,0,1,0,0,1,1,0,0,0,0,0,0,0,0,60.0
814,1.0,1.0,1.0,1.0,1.0,1.0,1.0,4.0,6.0,5.0,2.0,3.0,2,2,2,2,2,0,2,0,0,2,2,0,0,2,0.0,14.0,1,0,1,0,0,1,1,0,0,0,0,1,0,1,1,0,0,0,0,0,0,0,0,60.0
819,1.0,1.0,1.0,1.0,1.0,1.0,4.0,5.0,3.0,6.0,1.0,2.0,2,2,2,1,2,0,2,0,0,2,2,0,-1,2,1.0,14.0,1,0,1,1,0,0,0,1,1,0,0,1,1,0,0,0,0,0,1,0,0,0,0,45.0
820,1.0,1.0,1.0,1.0,1.0,1.0,4.0,5.0,6.0,1.0,2.0,3.0,2,2,2,2,2,1,2,2,0,2,2,2,2,2,1.0,12.0,1,0,1,1,0,0,1,0,0,0,0,1,1,0,0,0,1,0,0,0,0,0,0,45.0
827,1.0,1.0,1.0,1.0,1.0,1.0,1.0,2.0,3.0,4.0,5.0,6.0,1,1,1,1,1,0,-1,-1,0,1,1,1,0,1,1.0,16.0,1,1,0,1,0,0,1,0,0,0,1,0,1,0,1,0,0,0,0,0,0,0,0,45.0
828,1.0,1.0,1.0,1.0,1.0,1.0,4.0,2.0,5.0,6.0,3.0,1.0,2,2,2,1,0,0,-1,0,-1,2,2,2,0,2,1.0,16.0,1,1,0,0,0,1,1,0,0,0,1,0,1,0,0,0,0,0,0,0,0,1,0,30.0
829,1.0,1.0,1.0,1.0,1.0,1.0,3.0,4.0,5.0,6.0,1.0,2.0,1,1,1,1,2,0,-2,0,-2,1,1,-2,0,1,0.0,16.0,1,1,0,0,1,0,1,0,0,0,1,0,1,0,0,0,0,0,0,0,0,1,0,45.0
831,1.0,1.0,1.0,1.0,1.0,1.0,4.0,6.0,5.0,1.0,3.0,2.0,2,1,1,1,2,2,2,-1,2,1,2,-1,-1,2,0.0,19.0,1,0,1,0,1,0,1,0,0,0,0,1,0,1,0,0,0,0,1,0,0,0,0,30.0
833,1.0,1.0,1.0,1.0,1.0,1.0,6.0,2.0,5.0,3.0,1.0,4.0,2,1,2,-1,2,1,1,0,1,0,0,-2,-1,1,0.0,14.0,1,0,1,0,1,0,1,0,0,0,0,1,0,1,0,0,0,1,0,0,0,0,0,30.0
834,1.0,1.0,1.0,1.0,1.0,1.0,3.0,4.0,5.0,6.0,1.0,2.0,2,1,2,1,2,1,2,1,-2,2,2,0,0,2,0.0,14.0,1,1,0,0,0,1,1,0,0,0,1,0,1,0,0,0,1,0,0,0,0,0,0,60.0
835,1.0,1.0,1.0,1.0,1.0,1.0,4.0,5.0,6.0,1.0,3.0,2.0,2,2,2,0,-2,-2,-2,2,-2,2,2,1,1,2,1.0,12.0,1,0,1,1,0,0,1,0,0,0,0,1,1,0,0,0,0,0,1,0,0,0,0,45.0
836,1.0,1.0,1.0,1.0,1.0,1.0,6.0,5.0,4.0,2.0,1.0,3.0,2,2,2,1,2,-1,-1,1,0,2,1,1,2,2,1.0,16.0,1,0,1,0,1,0,1,0,0,0,0,1,1,0,0,0,0,0,0,0,0,1,0,45.0
837,1.0,1.0,1.0,1.0,1.0,1.0,1.0,2.0,4.0,5.0,6.0,3.0,2,2,2,2,2,0,2,0,0,2,2,0,1,2,1.0,19.0,1,1,0,0,0,1,1,0,0,0,1,0,0,1,0,0,0,0,0,0,1,0,0,60.0
840,1.0,1.0,1.0,1.0,1.0,1.0,6.0,5.0,4.0,2.0,1.0,3.0,2,2,2,1,2,-2,0,2,1,2,2,-2,1,2,1.0,14.0,1,0,1,0,1,0,1,0,0,0,0,1,1,0,1,0,0,0,0,0,0,0,0,30.0
846,1.0,1.0,1.0,1.0,1.0,1.0,6.0,5.0,4.0,1.0,2.0,3.0,2,1,1,0,2,0,1,1,0,1,2,-2,0,2,1.0,16.0,1,0,1,0,1,0,0,1,1,0,1,0,0,1,1,0,0,0,0,0,0,0,0,30.0
847,1.0,1.0,1.0,1.0,1.0,1.0,6.0,4.0,5.0,1.0,3.0,2.0,2,2,2,1,2,0,2,1,1,2,2,-1,-2,2,1.0,19.0,1,0,1,1,0,0,1,0,0,0,0,1,1,0,0,0,1,0,0,0,0,0,0,30.0
848,1.0,1.0,1.0,1.0,1.0,1.0,1.0,2.0,3.0,4.0,5.0,6.0,2,2,2,2,2,2,2,2,2,2,2,2,2,2,1.0,14.0,1,1,0,1,0,0,1,0,0,0,1,0,1,0,0,0,0,0,1,0,0,0,0,30.0
849,1.0,1.0,1.0,1.0,1.0,1.0,4.0,5.0,2.0,1.0,6.0,3.0,2,2,2,1,2,0,1,0,0,2,2,0,0,0,1.0,16.0,1,0,1,0,1,0,1,0,0,0,1,0,1,0,0,1,0,0,0,0,0,0,0,45.0
850,1.0,1.0,1.0,1.0,1.0,1.0,6.0,4.0,5.0,1.0,2.0,3.0,1,2,2,-1,1,1,2,0,1,2,2,-1,0,2,0.0,16.0,1,0,1,0,1,0,0,1,1,0,0,1,0,1,0,0,0,0,0,0,0,0,1,18.0
851,1.0,1.0,1.0,1.0,1.0,1.0,6.0,5.0,3.0,2.0,1.0,4.0,2,1,0,0,1,0,1,0,0,0,2,0,0,1,0.0,19.0,1,0,1,0,1,0,0,1,0,1,0,1,1,0,0,0,0,0,0,1,0,0,0,30.0
852,1.0,1.0,1.0,1.0,1.0,1.0,4.0,5.0,6.0,1.0,2.0,3.0,1,1,1,1,1,0,1,0,0,2,2,1,0,2,1.0,16.0,1,0,1,1,0,0,1,0,0,0,0,1,1,0,0,0,0,0,0,1,0,0,0,30.0
853,1.0,1.0,1.0,1.0,1.0,1.0,4.0,5.0,6.0,1.0,3.0,2.0,2,2,2,1,2,0,2,0,0,2,2,-1,0,1,1.0,16.0,1,0,1,1,0,0,1,0,0,0,0,1,0,1,1,0,0,0,0,0,0,0,0,60.0
854,1.0,1.0,1.0,1.0,1.0,1.0,1.0,2.0,3.0,4.0,5.0,6.0,2,2,2,2,2,0,-2,0,0,2,2,2,0,2,1.0,16.0,1,1,0,0,0,1,1,0,0,0,1,0,1,0,0,0,0,0,0,1,0,0,0,30.0
855,1.0,1.0,1.0,1.0,1.0,1.0,1.0,2.0,3.0,4.0,5.0,6.0,2,2,2,-1,2,-2,-1,0,0,2,2,2,2,2,1.0,19.0,1,0,1,0,0,1,0,1,0,1,0,1,1,0,0,1,0,0,0,0,0,0,0,45.0
856,1.0,1.0,1.0,1.0,1.0,1.0,4.0,5.0,3.0,6.0,1.0,2.0,2,2,2,2,2,1,1,1,2,2,2,2,1,2,0.0,19.0,1,0,1,0,0,1,0,1,0,1,0,1,1,0,0,0,0,0,0,1,0,0,0,45.0
858,1.0,1.0,1.0,1.0,1.0,1.0,6.0,5.0,4.0,3.0,1.0,2.0,2,2,1,-1,2,-2,2,1,2,1,2,-2,-2,2,0.0,16.0,1,0,1,0,1,0,0,1,1,0,0,1,0,1,0,0,1,0,0,0,0,0,0,30.0
859,1.0,1.0,1.0,1.0,1.0,1.0,1.0,2.0,3.0,4.0,5.0,6.0,2,2,2,0,1,-1,-2,0,0,2,2,0,0,1,1.0,16.0,1,1,0,0,0,1,1,0,0,0,0,1,0,1,0,0,0,0,0,0,1,0,0,45.0
861,1.0,1.0,1.0,1.0,1.0,1.0,5.0,2.0,4.0,6.0,1.0,3.0,2,2,2,0,1,0,2,0,0,2,2,1,0,2,1.0,19.0,1,1,0,0,0,1,1,0,0,0,1,0,0,1,0,0,0,0,0,0,1,0,0,60.0
862,1.0,1.0,1.0,1.0,1.0,1.0,4.0,5.0,6.0,2.0,3.0,1.0,2,2,2,-1,2,-2,-2,-1,0,2,2,-2,-1,2,0.0,19.0,1,1,0,0,0,1,1,0,0,0,1,0,1,0,0,0,0,1,0,0,0,0,0,30.0
863,1.0,1.0,1.0,1.0,1.0,1.0,4.0,5.0,6.0,3.0,1.0,2.0,1,0,2,0,1,0,1,1,0,0,0,0,0,1,0.0,16.0,1,1,0,0,1,0,0,1,1,0,1,0,0,1,0,0,0,0,0,1,0,0,0,45.0
865,1.0,1.0,1.0,1.0,1.0,1.0,4.0,5.0,6.0,1.0,2.0,3.0,0,0,0,0,0,0,0,0,0,0,0,0,0,0,1.0,19.0,1,1,0,0,1,0,1,0,0,0,1,0,1,0,0,0,0,0,0,1,0,0,0,18.0
867,1.0,1.0,1.0,1.0,1.0,1.0,4.0,5.0,6.0,1.0,3.0,2.0,1,1,1,0,2,-2,-2,-1,-2,2,2,-2,1,2,0.0,16.0,1,1,0,0,0,1,1,0,0,0,1,0,1,0,0,0,0,0,0,0,1,0,0,60.0
868,1.0,1.0,1.0,1.0,1.0,1.0,1.0,3.0,4.0,5.0,2.0,6.0,2,2,2,2,2,0,0,0,0,2,2,0,1,1,0.0,19.0,1,1,0,0,0,1,1,0,0,0,1,0,1,0,0,0,0,0,0,0,0,1,0,18.0
869,1.0,1.0,1.0,1.0,1.0,1.0,2.0,3.0,4.0,6.0,5.0,1.0,2,2,2,0,2,0,-2,0,0,1,1,0,1,2,1.0,19.0,1,0,1,0,0,1,1,0,0,0,0,1,0,1,1,0,0,0,0,0,0,0,0,45.0
870,1.0,1.0,1.0,1.0,1.0,1.0,3.0,6.0,4.0,5.0,1.0,2.0,2,2,2,1,2,2,1,0,1,2,2,0,1,2,1.0,16.0,1,0,1,0,1,0,1,0,0,0,1,0,1,0,0,0,0,0,0,0,1,0,0,45.0
874,1.0,1.0,1.0,1.0,1.0,1.0,3.0,4.0,5.0,6.0,1.0,2.0,2,2,2,2,2,0,2,1,0,2,2,1,0,2,0.0,14.0,1,1,0,0,0,1,1,0,0,0,1,0,1,0,0,0,0,0,0,0,0,0,1,45.0
875,1.0,1.0,1.0,1.0,1.0,1.0,3.0,4.0,5.0,2.0,1.0,6.0,2,2,2,2,2,2,1,2,2,2,2,2,2,2,0.0,16.0,1,0,1,1,0,0,1,0,0,0,0,1,1,0,0,0,0,0,0,0,0,1,0,45.0
877,1.0,1.0,1.0,1.0,1.0,1.0,3.0,4.0,5.0,6.0,1.0,2.0,2,1,2,1,2,0,1,0,0,2,2,0,2,2,0.0,16.0,1,0,1,0,1,0,1,0,0,0,0,1,1,0,0,0,1,0,0,0,0,0,0,30.0
880,1.0,1.0,1.0,1.0,1.0,1.0,1.0,5.0,2.0,3.0,4.0,6.0,1,1,2,2,2,1,2,0,-1,0,2,-1,2,2,0.0,16.0,1,0,1,1,0,0,0,1,0,1,0,1,1,0,0,0,1,0,0,0,0,0,0,18.0
882,1.0,1.0,1.0,1.0,1.0,1.0,4.0,5.0,6.0,3.0,1.0,2.0,2,2,2,2,2,2,2,2,1,2,2,2,0,2,1.0,16.0,1,0,1,1,0,0,1,0,0,0,0,1,0,1,0,0,0,0,0,0,0,1,0,45.0
883,1.0,1.0,1.0,1.0,1.0,1.0,4.0,5.0,3.0,6.0,1.0,2.0,2,2,2,2,2,1,-2,0,0,2,2,0,0,2,1.0,16.0,1,0,1,1,0,0,1,0,0,0,0,1,1,0,0,0,0,1,0,0,0,0,0,45.0
885,1.0,1.0,1.0,1.0,1.0,1.0,1.0,3.0,2.0,4.0,5.0,6.0,1,1,2,2,1,2,2,0,2,2,1,-1,2,2,0.0,14.0,1,0,1,0,1,0,0,1,1,0,0,1,0,1,1,0,0,0,0,0,0,0,0,45.0
887,1.0,1.0,1.0,1.0,1.0,1.0,5.0,6.0,4.0,1.0,3.0,2.0,2,2,2,1,2,1,1,0,1,2,2,-2,-1,2,1.0,16.0,1,0,1,1,0,0,0,1,1,0,0,1,1,0,0,0,0,0,0,0,1,0,0,18.0
889,1.0,1.0,1.0,1.0,1.0,1.0,3.5,3.0,2.0,5.0,1.0,4.0,2,1,1,-1,1,-2,2,0,0,2,2,0,0,2,1.0,19.0,1,1,0,0,0,1,1,0,0,0,1,0,1,0,0,0,0,0,1,0,0,0,0,60.0
890,1.0,1.0,1.0,1.0,1.0,1.0,6.0,2.0,1.0,3.0,4.0,5.0,1,2,2,0,0,-1,1,-1,0,1,1,0,-1,0,0.0,14.0,1,1,0,0,0,1,1,0,0,0,1,0,1,0,1,0,0,0,0,0,0,0,0,60.0
892,1.0,1.0,1.0,1.0,1.0,1.0,4.0,5.0,6.0,2.0,3.0,1.0,2,2,2,2,2,2,2,2,2,2,2,2,2,2,1.0,19.0,1,0,1,0,1,0,0,1,0,1,0,1,0,1,0,0,0,0,0,0,1,0,0,60.0
893,1.0,1.0,1.0,1.0,1.0,1.0,2.0,1.0,3.0,4.0,5.0,6.0,2,1,1,1,2,-2,-2,1,1,1,1,1,1,2,1.0,16.0,1,0,1,0,1,0,1,0,0,0,0,1,1,0,0,0,0,0,0,0,0,0,1,45.0
896,1.0,1.0,1.0,1.0,1.0,1.0,6.0,5.0,4.0,3.0,1.0,2.0,2,2,2,-1,2,2,2,2,2,2,2,-2,0,2,0.0,12.0,1,0,1,0,1,0,0,1,0,1,0,1,0,1,0,0,1,0,0,0,0,0,0,45.0
898,1.0,1.0,1.0,1.0,1.0,1.0,5.0,6.0,4.0,1.0,2.0,3.0,2,2,2,2,2,1,2,2,-1,2,2,-1,1,2,1.0,19.0,1,0,1,0,0,1,1,0,0,0,0,1,1,0,0,0,0,0,0,0,1,0,0,45.0
901,1.0,1.0,1.0,1.0,1.0,1.0,4.0,6.0,5.0,1.0,2.0,3.0,2,2,2,-2,2,-2,-2,0,0,2,2,-2,2,2,0.0,14.0,1,0,1,1,0,0,1,0,0,0,0,1,0,1,0,0,0,0,0,0,0,1,0,45.0
903,1.0,1.0,1.0,1.0,1.0,1.0,6.0,5.0,4.0,1.0,2.0,3.0,2,2,2,-2,2,2,2,2,2,2,2,-2,1,2,1.0,14.0,1,0,1,0,1,0,0,1,0,1,0,1,0,1,0,0,0,0,0,0,0,0,1,45.0
904,1.0,1.0,1.0,1.0,1.0,1.0,2.0,3.0,4.0,5.0,6.0,1.0,2,2,1,2,2,0,1,0,0,0,2,0,0,2,0.0,14.0,1,1,0,0,0,1,1,0,0,0,1,0,1,0,0,0,0,0,0,0,1,0,0,45.0
906,1.0,1.0,1.0,1.0,1.0,1.0,5.0,6.0,4.0,2.0,1.0,3.0,2,2,2,1,2,-2,-1,1,-1,1,2,-2,0,2,1.0,19.0,1,0,1,0,0,1,0,1,1,0,0,1,0,1,0,0,0,0,0,0,1,0,0,18.0
907,1.0,1.0,1.0,1.0,1.0,1.0,1.0,2.0,3.0,4.0,5.0,6.0,1,1,1,0,0,0,1,0,0,1,1,0,0,1,0.0,14.0,1,1,0,0,0,1,1,0,0,0,1,0,0,1,0,0,0,0,0,0,1,0,0,45.0
908,1.0,1.0,1.0,1.0,1.0,1.0,4.0,5.0,3.0,6.0,2.0,1.0,2,1,-2,1,1,0,1,-1,0,0,1,1,0,0,0.0,16.0,1,0,1,0,0,1,0,1,0,1,1,0,1,0,0,0,0,0,0,0,0,1,0,18.0
909,1.0,1.0,1.0,1.0,1.0,1.0,3.0,4.0,5.0,6.0,1.0,2.0,2,0,1,0,2,0,2,0,0,0,0,0,0,0,0.0,16.0,1,1,0,0,0,1,1,0,0,0,1,0,0,1,0,0,0,0,0,0,1,0,0,60.0
910,1.0,1.0,1.0,1.0,1.0,1.0,6.0,4.0,5.0,2.0,3.0,1.0,2,1,2,-1,2,-2,2,2,-1,2,2,0,-1,2,0.0,12.0,1,0,1,0,1,0,1,0,0,0,0,1,1,0,1,0,0,0,0,0,0,0,0,30.0
911,1.0,1.0,1.0,1.0,1.0,1.0,1.0,4.0,5.0,2.0,6.0,3.0,2,2,2,0,2,0,2,0,0,2,2,0,0,2,1.0,14.0,1,1,0,0,0,1,1,0,0,0,1,0,1,0,0,0,0,0,0,0,0,0,1,60.0
914,1.0,1.0,1.0,1.0,1.0,1.0,5.0,3.0,6.0,4.0,1.0,2.0,2,2,2,2,2,1,2,2,-1,2,2,-1,-1,1,0.0,16.0,1,0,1,0,1,0,1,0,0,0,1,0,1,0,0,0,0,0,0,0,0,1,0,45.0
915,1.0,1.0,1.0,1.0,1.0,1.0,6.0,4.0,5.0,3.0,1.0,2.0,2,2,1,0,2,-2,1,1,2,2,2,-2,-2,2,1.0,19.0,1,0,1,1,0,0,0,1,1,0,0,1,1,0,0,0,0,0,0,0,0,1,0,30.0
916,1.0,1.0,1.0,1.0,1.0,1.0,6.0,1.0,3.0,5.0,4.0,2.0,2,1,2,-1,1,-2,1,0,0,1,2,-2,1,2,1.0,16.0,1,0,1,0,0,1,1,0,0,0,0,1,0,1,0,0,0,0,0,0,0,0,1,18.0
917,1.0,1.0,1.0,1.0,1.0,1.0,1.0,2.0,3.0,4.0,5.0,6.0,2,2,2,1,2,1,2,0,0,2,2,0,0,2,1.0,16.0,1,1,0,0,0,1,1,0,0,0,1,0,1,0,0,0,1,0,0,0,0,0,0,45.0
918,1.0,1.0,1.0,1.0,1.0,1.0,5.0,6.0,4.0,3.0,1.0,2.0,2,2,2,0,2,-2,0,1,1,1,1,-1,-1,2,0.0,16.0,1,0,1,0,1,0,1,0,0,0,1,0,1,0,0,0,0,0,1,0,0,0,0,18.0
919,1.0,1.0,1.0,1.0,1.0,1.0,1.0,3.0,5.0,6.0,2.0,4.0,2,2,2,2,2,2,2,1,1,2,2,1,2,2,1.0,16.0,1,0,1,0,1,0,1,0,0,0,0,1,1,0,0,0,1,0,0,0,0,0,0,45.0
920,1.0,1.0,1.0,1.0,1.0,1.0,4.0,5.0,6.0,1.0,2.0,3.0,2,2,2,2,2,2,2,2,2,2,2,2,2,2,1.0,14.0,1,0,1,0,1,0,1,0,0,0,0,1,1,0,0,0,0,1,0,0,0,0,0,30.0
924,1.0,1.0,1.0,1.0,1.0,1.0,2.0,3.0,4.0,5.0,1.0,6.0,1,1,1,1,1,0,1,0,0,1,1,1,0,1,0.0,16.0,1,1,0,1,0,0,1,0,0,0,1,0,1,0,0,0,0,0,0,1,0,0,0,30.0
925,1.0,1.0,1.0,1.0,1.0,1.0,1.0,2.0,3.0,4.0,5.0,6.0,0,0,0,0,0,0,0,0,0,0,0,0,0,0,1.0,19.0,1,1,0,0,0,1,1,0,0,0,1,0,0,1,0,0,0,0,1,0,0,0,0,60.0
928,1.0,1.0,1.0,1.0,1.0,1.0,3.0,5.0,2.0,1.0,4.0,6.0,2,2,2,1,2,0,-2,0,0,2,2,-2,1,2,1.0,12.0,1,0,1,0,0,1,1,0,0,0,1,0,1,0,0,0,0,0,0,0,1,0,0,60.0
935,1.0,1.0,1.0,1.0,1.0,1.0,6.0,5.0,4.0,1.0,3.0,2.0,1,2,1,2,2,1,0,1,-2,1,1,0,0,2,1.0,14.0,1,0,1,1,0,0,1,0,0,0,0,1,0,1,0,0,0,0,0,0,0,0,1,60.0
937,1.0,1.0,1.0,1.0,1.0,1.0,4.0,5.0,6.0,1.0,2.0,3.0,2,2,2,0,2,0,-2,0,0,2,2,0,2,2,1.0,16.0,1,1,0,1,0,0,1,0,0,0,1,0,1,0,1,0,0,0,0,0,0,0,0,30.0
938,1.0,1.0,1.0,1.0,1.0,1.0,1.0,3.0,2.0,6.0,4.0,5.0,1,2,2,1,2,0,-1,1,1,2,2,0,0,2,0.0,14.0,1,1,0,0,1,0,1,0,0,0,1,0,0,1,0,0,0,0,0,1,0,0,0,18.0
941,1.0,1.0,1.0,1.0,1.0,1.0,2.0,5.0,6.0,1.0,3.0,4.0,-1,1,2,1,2,-2,0,0,-1,1,2,0,2,2,0.0,19.0,1,1,0,0,1,0,0,1,1,0,1,0,0,1,0,0,0,0,1,0,0,0,0,18.0
944,1.0,1.0,1.0,1.0,1.0,1.0,6.0,4.0,5.0,2.0,1.0,3.0,2,1,2,-1,2,1,2,-1,1,2,2,-2,-2,2,1.0,14.0,1,0,1,0,1,0,0,1,0,1,0,1,0,1,0,0,0,0,1,0,0,0,0,30.0
946,1.0,1.0,1.0,1.0,1.0,1.0,6.0,3.0,5.0,1.0,2.0,4.0,2,2,2,-1,1,-2,-1,0,-1,1,2,-2,0,2,1.0,19.0,1,0,1,1,0,0,0,1,0,1,0,1,0,1,0,0,1,0,0,0,0,0,0,30.0
948,1.0,1.0,1.0,1.0,1.0,1.0,1.0,2.0,3.0,4.0,5.0,6.0,-1,-1,-1,0,-1,0,-1,-1,0,-1,-1,-1,0,0,1.0,19.0,1,1,0,1,0,0,1,0,0,0,1,0,0,1,0,0,0,0,0,0,0,1,0,60.0
949,1.0,1.0,1.0,1.0,1.0,1.0,4.0,5.0,6.0,3.0,1.0,2.0,1,2,2,1,1,0,-1,0,0,2,2,0,0,2,1.0,16.0,1,1,0,0,0,1,1,0,0,0,1,0,1,0,0,0,0,0,0,0,1,0,0,45.0
950,1.0,1.0,1.0,1.0,1.0,1.0,1.0,2.0,3.0,4.0,5.0,6.0,0,1,1,0,0,0,-1,0,0,0,1,0,0,0,1.0,19.0,1,1,0,0,0,1,1,0,0,0,1,0,1,0,0,0,0,1,0,0,0,0,0,60.0
953,1.0,1.0,1.0,1.0,1.0,1.0,1.0,4.0,5.0,3.0,2.0,6.0,1,1,1,1,2,0,-1,0,-2,-1,2,-1,2,2,1.0,14.0,1,0,1,0,1,0,0,1,0,1,1,0,0,1,1,0,0,0,0,0,0,0,0,30.0
956,1.0,1.0,1.0,1.0,1.0,1.0,3.0,5.0,4.0,6.0,1.0,2.0,2,2,2,-1,2,-2,2,-1,1,2,2,1,1,2,1.0,19.0,1,0,1,1,0,0,1,0,0,0,0,1,0,1,0,0,0,0,0,0,1,0,0,30.0
961,1.0,1.0,1.0,1.0,1.0,1.0,1.0,3.0,4.0,5.0,2.0,6.0,2,2,2,0,2,0,-1,1,1,1,1,0,0,2,1.0,16.0,1,0,1,0,0,1,1,0,0,0,1,0,1,0,0,0,0,1,0,0,0,0,0,60.0
962,1.0,1.0,1.0,1.0,1.0,1.0,1.0,5.0,4.0,2.0,6.0,3.0,2,-1,-1,-1,2,-1,2,0,0,2,2,-2,-2,2,0.0,14.0,1,0,1,0,1,0,1,0,0,0,1,0,0,1,0,0,0,0,0,1,0,0,0,18.0
964,1.0,1.0,1.0,1.0,1.0,1.0,5.0,6.0,4.0,1.0,3.0,2.0,2,2,2,0,2,0,-2,1,-1,2,2,1,2,2,1.0,16.0,1,1,0,1,0,0,1,0,0,0,1,0,1,0,1,0,0,0,0,0,0,0,0,30.0
965,1.0,1.0,1.0,1.0,1.0,1.0,6.0,5.0,4.0,1.0,3.0,2.0,2,2,2,2,2,2,2,0,0,-2,1,-2,2,2,0.0,14.0,1,0,1,0,1,0,0,1,1,0,0,1,0,1,0,0,0,1,0,0,0,0,0,45.0
966,1.0,1.0,1.0,1.0,1.0,1.0,3.0,2.0,1.0,6.0,4.0,5.0,2,2,2,2,2,0,2,0,0,2,2,2,1,2,0.0,14.0,1,0,1,0,1,0,1,0,0,0,0,1,1,0,0,0,0,1,0,0,0,0,0,18.0
968,1.0,1.0,1.0,1.0,1.0,1.0,4.0,5.0,6.0,1.0,2.0,3.0,2,2,2,1,2,-2,-2,-1,-2,2,2,-2,-1,1,1.0,16.0,1,0,1,0,1,0,1,0,0,0,0,1,1,0,0,0,0,0,0,0,1,0,0,45.0
970,1.0,1.0,1.0,1.0,1.0,1.0,4.0,5.0,6.0,1.0,3.0,2.0,2,2,2,2,2,0,0,1,1,2,2,0,0,2,0.0,14.0,1,0,1,0,1,0,1,0,0,0,0,1,1,0,0,0,0,0,1,0,0,0,0,45.0
971,1.0,1.0,1.0,1.0,1.0,1.0,3.0,5.0,6.0,1.0,2.0,4.0,2,2,1,0,0,0,-2,0,0,2,2,0,2,2,0.0,16.0,1,1,0,0,0,1,1,0,0,0,0,1,1,0,0,0,0,0,0,0,0,0,1,18.0
972,1.0,1.0,1.0,1.0,1.0,1.0,4.0,5.0,6.0,1.0,3.0,2.0,1,1,1,0,1,-2,0,0,0,2,2,-1,0,2,1.0,16.0,1,0,1,0,1,0,1,0,0,0,0,1,1,0,0,0,0,0,0,1,0,0,0,18.0
973,1.0,1.0,1.0,1.0,1.0,1.0,4.0,5.0,6.0,2.0,1.0,3.0,2,1,2,1,2,0,0,1,1,1,1,-2,-1,2,0.0,19.0,1,0,1,1,0,0,0,1,1,0,1,0,1,0,0,0,0,0,0,1,0,0,0,30.0
974,1.0,1.0,1.0,1.0,1.0,1.0,3.0,4.0,5.0,1.0,2.0,6.0,1,1,1,0,1,-2,-2,0,0,1,1,0,0,1,0.0,12.0,1,1,0,0,0,1,1,0,0,0,1,0,1,0,0,0,0,0,0,0,0,1,0,18.0
975,1.0,1.0,1.0,1.0,1.0,1.0,5.0,4.0,6.0,3.0,2.0,1.0,1,1,1,1,0,0,-2,0,-1,2,2,-1,0,2,0.0,14.0,1,1,0,0,0,1,1,0,0,0,1,0,1,0,0,0,0,0,0,1,0,0,0,18.0
976,1.0,1.0,1.0,1.0,1.0,1.0,4.0,6.0,5.0,1.0,2.0,3.0,2,2,2,-1,2,1,1,1,-1,1,2,-1,-1,2,1.0,16.0,1,0,1,1,0,0,0,1,1,0,0,1,1,0,0,0,0,0,0,0,1,0,0,45.0
977,1.0,1.0,1.0,1.0,1.0,1.0,1.0,2.0,3.0,4.0,5.0,6.0,2,0,1,1,2,0,1,0,0,2,2,0,0,2,0.0,14.0,1,0,1,0,1,0,1,0,0,0,0,1,1,0,0,0,0,0,0,0,0,1,0,45.0
978,1.0,1.0,1.0,1.0,1.0,1.0,6.0,4.0,3.0,2.0,1.0,5.0,2,2,2,1,2,0,2,1,1,1,2,-2,0,1,1.0,19.0,1,0,1,1,0,0,1,0,0,0,0,1,0,1,0,0,0,0,0,1,0,0,0,45.0
979,1.0,1.0,1.0,1.0,1.0,1.0,6.0,4.0,5.0,2.0,1.0,3.0,2,1,2,-1,2,0,2,0,1,1,2,-2,-1,2,1.0,19.0,1,0,1,0,1,0,0,1,0,1,0,1,0,1,0,0,0,0,0,1,0,0,0,30.0
980,1.0,1.0,1.0,1.0,1.0,1.0,2.0,3.0,4.0,5.0,1.0,6.0,1,1,1,1,2,0,0,0,0,2,2,0,0,2,0.0,16.0,1,1,0,0,0,1,1,0,0,0,1,0,1,0,0,0,0,0,0,1,0,0,0,45.0
983,1.0,1.0,1.0,1.0,1.0,1.0,1.0,2.0,3.0,4.0,5.0,6.0,2,2,2,1,2,0,2,1,0,2,2,-1,2,2,0.0,19.0,1,0,1,0,1,0,1,0,0,0,0,1,1,0,0,0,0,0,0,1,0,0,0,60.0
984,1.0,1.0,1.0,1.0,1.0,1.0,1.0,2.0,3.0,4.0,5.0,6.0,2,2,2,2,2,2,2,-1,2,2,2,2,2,2,1.0,14.0,1,1,0,0,0,1,1,0,0,0,1,0,1,0,1,0,0,0,0,0,0,0,0,18.0
989,1.0,1.0,1.0,1.0,1.0,1.0,1.0,2.0,5.0,6.0,3.0,4.0,2,1,1,-1,2,0,-1,0,0,2,2,2,0,2,1.0,14.0,1,0,1,0,0,1,1,0,0,0,0,1,1,0,0,0,0,0,0,1,0,0,0,18.0
990,1.0,1.0,1.0,1.0,1.0,1.0,3.0,5.0,6.0,4.0,1.0,2.0,1,1,1,2,2,0,2,0,-1,2,2,-2,0,2,1.0,19.0,1,0,1,0,0,1,1,0,0,0,1,0,1,0,0,0,0,0,0,0,0,0,1,30.0
994,1.0,1.0,1.0,1.0,1.0,1.0,6.0,2.0,3.0,4.0,1.0,5.0,1,0,0,2,2,2,1,1,1,-1,1,-2,2,2,1.0,16.0,1,0,1,0,1,0,1,0,0,0,0,1,1,0,0,0,0,0,1,0,0,0,0,30.0
995,1.0,1.0,1.0,1.0,1.0,1.0,3.0,4.0,5.0,6.0,1.0,2.0,0,2,2,2,2,0,1,0,0,0,2,1,0,2,1.0,14.0,1,1,0,0,0,1,1,0,0,0,1,0,1,0,1,0,0,0,0,0,0,0,0,18.0
997,1.0,1.0,1.0,1.0,1.0,1.0,3.0,5.0,6.0,1.0,4.0,2.0,2,2,2,2,2,0,2,0,-1,2,2,-2,2,2,1.0,16.0,1,1,0,0,1,0,1,0,0,0,1,0,1,0,0,0,0,0,0,1,0,0,0,18.0
1000,1.0,1.0,1.0,1.0,1.0,1.0,1.0,2.0,3.0,4.0,5.0,6.0,2,1,1,1,2,0,0,0,-2,2,2,1,2,2,0.0,14.0,1,0,1,1,0,0,1,0,0,0,1,0,1,0,0,0,0,1,0,0,0,0,0,18.0
1001,1.0,1.0,1.0,1.0,1.0,1.0,6.0,3.0,2.0,1.0,5.0,4.0,1,2,-1,-1,2,0,-2,-1,-2,2,2,-2,0,2,0.0,16.0,1,0,1,0,1,0,1,0,0,0,0,1,1,0,0,0,0,0,1,0,0,0,0,18.0
1003,1.0,1.0,1.0,1.0,1.0,1.0,2.0,6.0,5.0,4.0,3.0,1.0,2,2,2,2,2,2,1,2,2,2,2,2,2,2,1.0,16.0,1,0,1,0,0,1,1,0,0,0,1,0,1,0,0,0,0,0,0,0,0,1,0,18.0
1005,1.0,1.0,1.0,1.0,1.0,1.0,5.0,6.0,3.0,4.0,1.0,2.0,1,1,1,1,1,1,1,0,1,1,1,-1,1,1,1.0,14.0,1,0,1,1,0,0,0,1,0,1,0,1,0,1,0,0,0,0,0,0,1,0,0,30.0
1010,1.0,1.0,1.0,1.0,1.0,1.0,6.0,5.0,4.0,1.0,2.0,3.0,2,1,1,2,2,0,1,0,0,2,2,-2,0,1,1.0,19.0,1,0,1,1,0,0,0,1,1,0,1,0,1,0,0,0,0,0,0,1,0,0,0,45.0
1011,1.0,1.0,1.0,1.0,1.0,1.0,2.0,5.0,6.0,4.0,1.0,3.0,2,2,2,2,2,0,1,0,0,2,2,0,0,2,0.0,19.0,1,1,0,0,0,1,1,0,0,0,0,1,1,0,0,0,0,0,0,1,0,0,0,60.0
1012,1.0,1.0,1.0,1.0,1.0,1.0,4.0,5.0,6.0,3.0,2.0,1.0,1,1,1,1,1,-1,0,0,0,0,2,0,0,0,0.0,16.0,1,0,1,0,0,1,1,0,0,0,1,0,1,0,1,0,0,0,0,0,0,0,0,18.0
1014,1.0,1.0,1.0,1.0,1.0,1.0,1.0,2.0,3.0,5.0,6.0,4.0,0,1,1,0,1,0,1,0,0,1,1,0,0,1,1.0,12.0,1,0,1,0,0,1,1,0,0,0,0,1,0,1,0,0,0,0,0,0,0,0,1,60.0
1016,1.0,1.0,1.0,1.0,1.0,1.0,3.0,1.0,2.0,6.0,5.0,4.0,1,1,2,-1,1,0,1,1,-1,1,1,1,1,2,1.0,14.0,1,0,1,0,1,0,0,1,0,1,0,1,1,0,1,0,0,0,0,0,0,0,0,18.0
1019,1.0,1.0,1.0,1.0,1.0,1.0,2.0,4.0,5.0,6.0,3.0,1.0,2,2,2,2,2,2,2,2,2,2,2,2,2,2,1.0,14.0,1,0,1,1,0,0,1,0,0,0,1,0,1,0,0,1,0,0,0,0,0,0,0,30.0
1020,1.0,1.0,1.0,1.0,1.0,1.0,4.0,5.0,6.0,3.0,1.0,2.0,2,2,2,0,2,0,-2,0,0,2,2,2,2,2,1.0,19.0,1,1,0,0,1,0,1,0,0,0,0,1,0,1,0,0,0,0,0,0,1,0,0,45.0
1021,1.0,1.0,1.0,1.0,1.0,1.0,2.0,3.0,4.0,5.0,1.0,6.0,1,1,1,1,2,0,2,1,1,2,2,2,2,2,0.0,14.0,1,0,1,0,1,0,1,0,0,0,1,0,1,0,0,0,0,0,0,0,0,0,1,18.0
1022,1.0,1.0,1.0,1.0,1.0,1.0,5.0,6.0,1.0,2.0,3.0,4.0,2,2,2,2,2,-2,-2,-1,-2,2,2,2,2,2,1.0,14.0,1,0,1,1,0,0,0,1,1,0,0,1,0,1,0,1,0,0,0,0,0,0,0,30.0
1026,1.0,1.0,1.0,1.0,1.0,1.0,2.0,4.0,3.0,5.0,6.0,1.0,1,2,2,2,2,1,2,0,1,2,2,1,1,2,1.0,19.0,1,0,1,0,0,1,0,1,0,1,1,0,1,0,0,0,0,0,0,0,1,0,0,30.0
1028,1.0,1.0,1.0,1.0,1.0,1.0,1.0,2.0,3.0,4.0,5.0,6.0,2,2,2,1,2,-1,-2,-1,2,2,0,0,0,2,0.0,14.0,1,1,0,0,1,0,0,1,0,1,0,1,0,1,0,0,0,0,0,0,0,0,1,60.0
1030,1.0,1.0,1.0,1.0,1.0,1.0,3.0,6.0,5.0,1.0,2.0,4.0,1,2,2,1,2,0,-2,-1,0,2,2,2,2,2,1.0,16.0,1,1,0,0,0,1,1,0,0,0,1,0,1,0,0,0,0,0,0,1,0,0,0,45.0
1036,1.0,1.0,1.0,1.0,1.0,1.0,4.0,5.0,6.0,3.0,1.0,2.0,1,2,1,1,2,-2,-1,0,-1,1,2,1,1,2,0.0,14.0,1,0,1,1,0,0,1,0,0,0,0,1,1,0,0,0,0,1,0,0,0,0,0,30.0
1037,1.0,1.0,1.0,1.0,1.0,1.0,3.0,4.0,5.0,6.0,2.0,1.0,0,2,1,0,2,0,-1,0,0,0,1,-1,0,2,1.0,19.0,1,1,0,0,0,1,1,0,0,0,1,0,1,0,0,0,1,0,0,0,0,0,0,45.0
1039,1.0,1.0,1.0,1.0,1.0,1.0,4.0,6.0,5.0,1.0,2.0,3.0,1,1,1,1,2,-2,-1,0,0,0,0,-2,1,2,1.0,12.0,1,1,0,1,0,0,1,0,0,0,1,0,0,1,0,0,1,0,0,0,0,0,0,18.0
1040,1.0,1.0,1.0,1.0,1.0,1.0,5.0,4.0,6.0,2.0,1.0,3.0,0,1,0,-1,1,0,-1,-1,0,1,1,-1,1,2,1.0,19.0,1,1,0,0,1,0,1,0,0,0,0,1,1,0,1,0,0,0,0,0,0,0,0,45.0
1042,1.0,1.0,1.0,1.0,1.0,1.0,2.0,3.0,4.0,6.0,1.0,5.0,0,0,0,0,0,0,0,0,0,0,0,0,0,0,0.0,16.0,1,1,0,0,0,1,1,0,0,0,1,0,1,0,0,0,0,0,0,1,0,0,0,18.0
1044,1.0,1.0,1.0,1.0,1.0,1.0,6.0,3.0,1.0,2.0,4.0,5.0,2,1,1,1,2,-2,-2,2,1,2,2,-1,2,2,0.0,16.0,1,1,0,0,0,1,1,0,0,0,0,1,1,0,0,0,0,1,0,0,0,0,0,18.0
1047,1.0,1.0,1.0,1.0,1.0,1.0,4.0,3.0,5.0,6.0,1.0,2.0,2,2,2,2,2,1,2,2,2,2,2,2,1,2,0.0,14.0,1,0,1,0,0,1,1,0,0,0,0,1,1,0,0,0,0,0,0,0,0,0,1,60.0
1048,1.0,1.0,1.0,1.0,1.0,1.0,5.0,6.0,3.0,2.0,1.0,4.0,2,1,1,0,2,1,2,0,0,1,1,2,1,2,1.0,14.0,1,0,1,0,1,0,0,1,0,1,0,1,0,1,0,0,0,0,0,0,0,0,1,45.0
1050,1.0,1.0,1.0,1.0,1.0,1.0,5.0,2.0,3.0,6.0,1.0,4.0,2,2,1,1,2,1,0,0,0,1,1,1,1,2,0.0,14.0,1,0,1,0,1,0,0,1,1,0,0,1,0,1,0,0,0,0,0,1,0,0,0,60.0
1051,1.0,1.0,1.0,1.0,1.0,1.0,4.0,5.0,6.0,2.0,3.0,1.0,2,1,2,0,2,-2,1,1,0,1,2,-1,0,2,1.0,19.0,1,0,1,1,0,0,1,0,0,0,0,1,1,0,0,0,0,1,0,0,0,0,0,60.0
1056,1.0,1.0,1.0,1.0,1.0,1.0,4.0,5.0,6.0,3.0,2.0,1.0,1,2,2,2,2,0,-2,-1,-2,2,2,1,1,2,1.0,16.0,1,1,0,0,1,0,1,0,0,0,1,0,1,0,0,1,0,0,0,0,0,0,0,45.0
1057,1.0,1.0,1.0,1.0,1.0,1.0,6.0,5.0,4.0,3.0,2.0,1.0,2,1,2,2,2,-2,-1,1,2,1,2,-2,1,2,1.0,16.0,1,0,1,0,1,0,1,0,0,0,0,1,1,0,0,0,0,1,0,0,0,0,0,18.0
1058,1.0,1.0,1.0,1.0,1.0,1.0,6.0,5.0,4.0,1.0,2.0,3.0,1,1,1,0,1,0,0,0,0,1,1,0,1,1,1.0,19.0,1,0,1,0,1,0,1,0,0,0,0,1,0,1,0,0,0,1,0,0,0,0,0,30.0
1059,1.0,1.0,1.0,1.0,1.0,1.0,4.0,6.0,5.0,3.0,2.0,1.0,1,1,2,0,1,0,1,1,1,1,1,2,2,2,0.0,19.0,1,1,0,1,0,0,0,1,1,0,1,0,0,1,0,0,0,0,0,0,0,0,0,60.0
1067,1.0,1.0,1.0,1.0,1.0,1.0,4.0,5.0,6.0,3.0,1.0,2.0,2,2,2,2,2,0,1,0,-1,2,2,1,0,2,1.0,19.0,1,0,1,0,0,1,1,0,0,0,0,1,1,0,0,0,0,0,0,0,0,0,1,45.0
1068,1.0,1.0,1.0,1.0,1.0,1.0,4.0,6.0,5.0,2.0,3.0,1.0,1,1,1,1,2,-2,-2,-1,-1,2,2,1,1,2,0.0,14.0,1,0,1,0,1,0,1,0,0,0,0,1,1,0,0,0,0,0,0,0,0,0,1,45.0
1069,1.0,1.0,1.0,1.0,1.0,1.0,6.0,5.0,4.0,3.0,2.0,1.0,2,2,2,-1,2,1,2,1,2,1,1,-2,0,1,1.0,19.0,1,0,1,0,1,0,0,1,0,1,0,1,0,1,1,0,0,0,0,0,0,0,0,30.0
1070,1.0,1.0,1.0,1.0,1.0,1.0,2.0,3.0,4.0,5.0,6.0,1.0,1,2,2,1,1,0,-2,0,0,2,2,-2,0,2,0.0,16.0,1,1,0,0,0,1,1,0,0,0,1,0,1,0,1,0,0,0,0,0,0,0,0,30.0
1071,1.0,1.0,1.0,1.0,1.0,1.0,5.0,6.0,4.0,3.0,1.0,2.0,2,1,2,0,0,0,1,0,1,-1,1,-2,1,0,1.0,14.0,1,1,0,0,0,1,1,0,0,0,1,0,0,1,0,0,0,0,0,0,1,0,0,30.0
1072,1.0,1.0,1.0,1.0,1.0,1.0,4.0,5.0,6.0,2.0,3.0,1.0,2,2,2,2,2,0,-2,0,-1,2,2,1,2,2,1.0,16.0,1,1,0,0,0,1,1,0,0,0,1,0,1,0,0,1,0,0,0,0,0,0,0,18.0
1073,1.0,1.0,1.0,1.0,1.0,1.0,6.0,5.0,4.0,1.0,2.0,3.0,2,2,2,2,2,1,1,1,0,2,2,-2,1,2,1.0,19.0,1,0,1,1,0,0,1,0,0,0,0,1,0,1,0,0,1,0,0,0,0,0,0,60.0
1076,1.0,1.0,1.0,1.0,1.0,1.0,4.0,5.0,6.0,1.0,3.0,2.0,0,2,0,0,2,0,2,0,0,1,1,0,0,2,0.0,16.0,1,1,0,0,0,1,1,0,0,0,1,0,0,1,0,0,0,0,0,0,0,0,0,45.0
1078,1.0,1.0,1.0,1.0,1.0,1.0,1.0,2.0,3.0,4.0,5.0,6.0,0,2,2,0,1,0,0,0,0,2,2,0,0,1,1.0,19.0,1,1,0,0,0,1,1,0,0,0,1,0,1,0,0,0,0,0,0,0,1,0,0,45.0
1079,1.0,1.0,1.0,1.0,1.0,1.0,4.0,5.0,6.0,1.0,2.0,3.0,1,1,1,1,1,0,-2,1,-1,1,1,0,0,1,1.0,19.0,1,1,0,0,0,1,1,0,0,0,1,0,0,1,0,0,0,0,0,1,0,0,0,60.0
1081,1.0,1.0,1.0,1.0,1.0,1.0,6.0,5.0,4.0,3.0,2.0,1.0,2,2,2,2,2,1,2,1,2,2,2,-2,1,2,0.0,12.0,1,0,1,1,0,0,1,0,0,0,1,0,0,1,0,0,1,0,0,0,0,0,0,30.0
1083,1.0,1.0,1.0,1.0,1.0,1.0,4.0,1.0,2.0,5.0,6.0,3.0,2,2,2,1,1,1,0,1,2,0,2,0,0,2,0.0,14.0,1,0,1,0,0,1,1,0,0,0,0,1,1,0,0,0,0,0,0,0,1,0,0,60.0
1086,1.0,1.0,1.0,1.0,1.0,1.0,3.0,4.0,5.0,6.0,1.0,2.0,2,2,2,2,2,0,-1,1,2,2,2,1,0,0,0.0,16.0,1,0,1,1,0,0,1,0,0,0,1,0,0,1,0,0,0,0,0,0,0,0,1,60.0
1087,1.0,1.0,1.0,1.0,1.0,1.0,3.0,4.0,5.0,6.0,1.0,2.0,2,2,2,-2,2,0,-2,1,0,2,2,0,0,2,1.0,19.0,1,1,0,0,0,1,1,0,0,0,1,0,1,0,1,0,0,0,0,0,0,0,0,60.0
1088,1.0,1.0,1.0,1.0,1.0,1.0,3.0,4.0,5.0,6.0,1.0,2.0,2,2,2,0,2,0,0,0,0,2,2,0,0,2,1.0,16.0,1,1,0,0,0,1,1,0,0,0,1,0,1,0,0,0,1,0,0,0,0,0,0,45.0
1090,1.0,1.0,1.0,1.0,1.0,1.0,4.0,5.0,6.0,1.0,3.0,2.0,2,2,2,1,2,0,2,0,0,2,2,1,0,2,0.0,14.0,1,0,1,0,1,0,1,0,0,0,0,1,0,1,0,0,0,1,0,0,0,0,0,18.0
1091,1.0,1.0,1.0,1.0,1.0,1.0,4.0,5.0,6.0,1.0,3.0,2.0,1,1,1,1,1,0,1,1,1,1,1,1,1,1,1.0,16.0,1,0,1,1,0,0,0,1,1,0,0,1,1,0,0,0,0,0,0,0,1,0,0,45.0
1092,1.0,1.0,1.0,1.0,1.0,1.0,2.0,3.0,4.0,5.0,1.0,6.0,1,1,1,0,0,0,-1,0,0,1,1,0,0,1,0.0,19.0,1,1,0,0,0,1,1,0,0,0,1,0,1,0,0,0,0,0,0,0,1,0,0,30.0
1096,1.0,1.0,1.0,1.0,1.0,1.0,4.0,3.0,5.0,6.0,1.0,2.0,0,1,1,0,1,-1,-1,0,0,1,1,0,0,1,0.0,14.0,1,0,1,0,0,1,1,0,0,0,1,0,0,1,0,0,0,0,0,1,0,0,0,60.0
1097,1.0,1.0,1.0,1.0,1.0,1.0,6.0,5.0,4.0,1.0,3.0,2.0,1,2,2,-1,1,-2,-1,0,0,1,2,-2,1,2,1.0,19.0,1,0,1,0,1,0,1,0,0,0,0,1,0,1,0,0,0,0,0,1,0,0,0,18.0
1098,1.0,1.0,1.0,1.0,1.0,1.0,4.0,5.0,6.0,1.0,2.0,3.0,2,2,2,1,2,0,2,2,0,2,2,-2,0,2,1.0,14.0,1,0,1,0,1,0,1,0,0,0,1,0,1,0,0,0,1,0,0,0,0,0,0,45.0
1099,1.0,1.0,1.0,1.0,1.0,1.0,5.0,6.0,4.0,1.0,3.0,2.0,2,2,2,-2,2,2,2,1,0,2,2,-2,-2,2,1.0,19.0,1,0,1,0,1,0,0,1,0,1,1,0,1,0,0,0,0,0,0,0,1,0,0,18.0
1100,1.0,1.0,1.0,1.0,1.0,1.0,6.0,5.0,4.0,2.0,1.0,3.0,2,2,2,0,2,0,1,-1,2,2,2,-2,1,1,1.0,16.0,1,0,1,0,1,0,1,0,0,0,1,0,0,1,0,0,0,0,1,0,0,0,0,30.0
1101,1.0,1.0,1.0,1.0,1.0,1.0,1.0,4.0,5.0,6.0,2.0,3.0,2,1,-1,1,2,0,-2,0,0,1,1,1,0,1,1.0,19.0,1,1,0,0,0,1,1,0,0,0,1,0,1,0,0,0,0,0,0,0,1,0,0,60.0
1102,1.0,1.0,1.0,1.0,1.0,1.0,3.0,4.0,5.0,6.0,1.0,2.0,1,1,1,1,2,0,0,0,0,1,1,0,0,1,1.0,19.0,1,1,0,0,0,1,1,0,0,0,1,0,1,0,1,0,0,0,0,0,0,0,0,60.0
1103,1.0,1.0,1.0,1.0,1.0,1.0,4.0,5.0,6.0,1.0,2.0,3.0,2,2,2,2,2,0,0,1,0,2,2,-1,0,2,1.0,16.0,1,0,1,1,0,0,1,0,0,0,1,0,1,0,1,0,0,0,0,0,0,0,0,45.0
1104,1.0,1.0,1.0,1.0,1.0,1.0,4.0,5.0,1.0,6.0,2.0,3.0,0,0,0,0,0,0,0,0,0,0,0,0,0,0,1.0,19.0,1,1,0,0,0,1,1,0,0,0,1,0,1,0,0,1,0,0,0,0,0,0,0,18.0
1110,1.0,1.0,1.0,1.0,1.0,1.0,1.0,2.0,3.0,4.0,5.0,6.0,1,1,1,0,0,0,-2,0,0,2,2,0,0,1,1.0,14.0,1,1,0,0,0,1,1,0,0,0,1,0,1,0,0,0,1,0,0,0,0,0,0,45.0
1112,1.0,1.0,1.0,1.0,1.0,1.0,5.0,3.0,6.0,1.0,2.0,4.0,2,2,2,-1,2,0,1,1,2,2,2,1,0,2,1.0,19.0,1,0,1,1,0,0,1,0,0,0,0,1,0,1,0,0,1,0,0,0,0,0,0,45.0
1113,1.0,1.0,1.0,1.0,1.0,1.0,4.0,6.0,5.0,2.0,3.0,1.0,2,1,1,0,2,-1,0,0,0,1,2,-1,0,2,1.0,14.0,1,0,1,0,1,0,1,0,0,0,0,1,1,0,0,0,0,0,0,0,0,1,0,18.0
1114,1.0,1.0,1.0,1.0,1.0,1.0,6.0,5.0,3.0,4.0,1.0,2.0,1,1,1,-1,2,1,1,1,1,-1,1,-1,-1,1,1.0,16.0,1,0,1,0,1,0,1,0,0,0,1,0,0,1,0,0,0,0,0,1,0,0,0,18.0
1117,1.0,1.0,1.0,1.0,1.0,1.0,1.0,2.0,3.0,4.0,5.0,6.0,0,0,0,0,0,0,0,0,0,0,0,0,0,0,1.0,12.0,1,1,0,0,0,1,1,0,0,0,1,0,0,1,0,0,0,0,0,1,0,0,0,45.0
1118,1.0,1.0,1.0,1.0,1.0,1.0,4.0,5.0,6.0,3.0,1.0,2.0,0,0,0,0,0,0,0,0,0,0,0,0,0,0,0.0,19.0,1,1,0,0,0,1,1,0,0,0,0,1,1,0,0,0,0,0,1,0,0,0,0,18.0
1119,1.0,1.0,1.0,1.0,1.0,1.0,3.0,2.0,1.0,5.0,6.0,4.0,2,2,0,2,0,0,-2,1,0,1,1,0,0,1,0.0,19.0,1,0,1,0,0,1,1,0,0,0,1,0,1,0,0,0,0,0,0,1,0,0,0,18.0
1123,1.0,1.0,1.0,1.0,1.0,1.0,1.0,5.0,6.0,2.0,4.0,3.0,1,2,2,1,1,-2,-1,0,0,1,0,2,2,2,1.0,19.0,1,0,1,0,1,0,1,0,0,0,0,1,0,1,0,0,0,0,0,0,0,1,0,45.0
1126,1.0,1.0,1.0,1.0,1.0,1.0,3.0,4.0,5.0,6.0,1.0,2.0,1,1,2,1,2,0,1,0,1,1,0,0,1,1,0.0,14.0,1,1,0,0,0,1,1,0,0,0,0,1,1,0,1,0,0,0,0,0,0,0,0,18.0
1127,1.0,1.0,1.0,1.0,1.0,1.0,3.0,4.0,5.0,6.0,1.0,2.0,2,2,2,2,2,-1,-1,0,0,2,2,-2,0,2,1.0,19.0,1,0,1,1,0,0,0,1,0,1,0,1,0,1,0,0,0,0,0,0,0,0,1,45.0
1128,1.0,1.0,1.0,1.0,1.0,1.0,4.0,5.0,6.0,2.0,3.0,1.0,2,2,2,-1,2,0,2,1,1,1,2,-1,1,2,1.0,16.0,1,0,1,0,1,0,0,1,1,0,0,1,1,0,0,0,1,0,0,0,0,0,0,18.0
1129,1.0,1.0,1.0,1.0,1.0,1.0,5.0,6.0,4.0,1.0,2.0,3.0,2,2,2,0,2,1,1,0,0,1,1,-1,2,2,1.0,14.0,1,0,1,0,0,1,1,0,0,0,0,1,0,1,0,1,0,0,0,0,0,0,0,30.0
1130,1.0,1.0,1.0,1.0,1.0,1.0,1.0,2.0,3.0,4.0,5.0,6.0,0,0,0,0,0,0,2,0,0,0,0,0,0,0,0.0,14.0,1,1,0,1,0,0,0,1,0,1,0,1,1,0,0,0,0,1,0,0,0,0,0,18.0
1133,1.0,1.0,1.0,1.0,1.0,1.0,1.0,5.0,2.0,6.0,4.0,3.0,2,2,2,1,2,0,1,0,0,1,2,-2,0,0,1.0,16.0,1,1,0,0,0,1,1,0,0,0,1,0,0,1,0,0,0,0,0,0,0,0,1,45.0
1134,1.0,1.0,1.0,1.0,1.0,1.0,6.0,4.0,5.0,2.0,1.0,3.0,2,2,2,0,2,0,2,1,1,2,2,-2,0,2,1.0,19.0,1,0,1,0,0,1,1,0,0,0,0,1,1,0,0,0,0,0,0,0,0,1,0,30.0
1138,1.0,1.0,1.0,1.0,1.0,1.0,4.0,5.0,1.0,6.0,2.0,3.0,2,2,2,2,2,0,-2,0,0,2,2,1,0,2,1.0,19.0,1,1,0,0,0,1,0,1,0,1,1,0,0,1,0,0,0,0,0,0,0,1,0,60.0
1144,1.0,1.0,1.0,1.0,1.0,1.0,1.0,2.0,3.0,4.0,5.0,6.0,2,2,-2,2,2,1,2,1,0,0,0,0,0,2,1.0,19.0,1,1,0,1,0,0,1,0,0,0,1,0,0,1,0,0,1,0,0,0,0,0,0,60.0
1145,1.0,1.0,1.0,1.0,1.0,1.0,3.0,5.0,6.0,4.0,1.0,2.0,1,1,2,1,1,0,2,1,0,0,0,0,0,2,1.0,19.0,1,1,0,0,0,1,1,0,0,0,0,1,0,1,0,0,0,0,1,0,0,0,0,45.0
1146,1.0,1.0,1.0,1.0,1.0,1.0,4.0,5.0,3.0,6.0,1.0,2.0,2,2,2,0,2,-1,-2,0,0,1,1,0,2,2,1.0,16.0,1,0,1,0,0,1,0,1,1,0,0,1,0,1,0,0,0,0,0,0,0,1,0,60.0
1147,1.0,1.0,1.0,1.0,1.0,1.0,6.0,4.0,5.0,3.0,1.0,2.0,2,2,2,2,2,1,2,1,1,2,2,-2,1,2,1.0,12.0,1,1,0,0,0,1,1,0,0,0,1,0,1,0,0,0,0,0,0,0,0,0,1,45.0
1149,1.0,1.0,1.0,1.0,1.0,1.0,3.0,2.0,1.0,5.0,4.0,6.0,1,1,1,2,2,-2,1,0,0,1,2,2,2,2,1.0,19.0,1,0,1,1,0,0,1,0,0,0,0,1,1,0,1,0,0,0,0,0,0,0,0,30.0
1152,1.0,1.0,1.0,1.0,1.0,1.0,6.0,5.0,4.0,1.0,2.0,3.0,2,2,2,1,2,-2,0,-1,-1,2,2,-1,1,2,0.0,14.0,1,0,1,0,1,0,0,1,0,1,0,1,1,0,1,0,0,0,0,0,0,0,0,18.0
1154,1.0,1.0,1.0,1.0,1.0,1.0,6.0,4.0,5.0,1.0,2.0,3.0,2,2,2,2,2,0,2,2,0,2,2,-2,0,2,1.0,14.0,1,0,1,1,0,0,1,0,0,0,0,1,1,0,0,0,0,0,0,1,0,0,0,60.0
1155,1.0,1.0,1.0,1.0,1.0,1.0,4.0,5.0,6.0,1.0,2.0,3.0,2,2,2,1,2,0,2,2,2,2,2,2,0,2,1.0,19.0,1,0,1,0,0,1,1,0,0,0,1,0,1,0,0,0,0,0,0,0,1,0,0,45.0
1156,1.0,1.0,1.0,1.0,1.0,1.0,3.0,4.0,5.0,6.0,2.0,1.0,2,2,2,2,2,2,-2,0,1,2,2,2,2,2,1.0,19.0,1,1,0,0,0,1,1,0,0,0,1,0,1,0,0,0,1,0,0,0,0,0,0,30.0
1158,1.0,1.0,1.0,1.0,1.0,1.0,2.0,3.0,4.0,5.0,1.0,6.0,2,2,2,0,2,0,1,0,0,2,2,0,0,2,0.0,16.0,1,1,0,0,0,1,1,0,0,0,1,0,1,0,0,0,0,0,0,1,0,0,0,45.0
1160,1.0,1.0,1.0,1.0,1.0,1.0,3.0,4.0,2.0,5.0,6.0,1.0,1,2,1,1,2,1,1,1,1,1,2,2,1,2,0.0,14.0,1,1,0,0,0,1,1,0,0,0,1,0,1,0,0,0,0,0,0,1,0,0,0,18.0
1162,1.0,1.0,1.0,1.0,1.0,1.0,4.0,5.0,6.0,1.0,2.0,3.0,1,1,1,-2,0,2,-2,0,-1,2,2,0,1,2,0.0,19.0,1,0,1,0,0,1,1,0,0,0,1,0,1,0,0,0,0,0,0,0,1,0,0,18.0
1164,1.0,1.0,1.0,1.0,1.0,1.0,5.0,4.0,3.0,6.0,1.0,2.0,1,1,1,1,1,1,-1,1,0,1,1,-1,-1,0,1.0,19.0,1,1,0,0,1,0,1,0,0,0,1,0,0,1,0,0,1,0,0,0,0,0,0,45.0
1165,1.0,1.0,1.0,1.0,1.0,1.0,5.0,6.0,4.0,3.0,1.0,2.0,2,2,2,2,2,0,2,2,2,2,2,0,2,2,1.0,16.0,1,0,1,1,0,0,1,0,0,0,0,1,1,0,0,0,0,1,0,0,0,0,0,30.0
1166,1.0,1.0,1.0,1.0,1.0,1.0,6.0,5.0,1.0,4.0,3.0,2.0,2,2,2,2,2,-1,1,0,1,1,1,-1,2,2,1.0,14.0,1,0,1,0,0,1,1,0,0,0,1,0,1,0,0,0,0,0,0,0,1,0,0,18.0
1169,1.0,1.0,1.0,1.0,1.0,1.0,4.0,5.0,6.0,3.0,1.0,2.0,2,2,2,0,2,1,2,2,1,2,2,-2,-1,2,0.0,16.0,1,0,1,0,1,0,1,0,0,0,0,1,0,1,0,0,0,0,0,0,1,0,0,45.0
1171,1.0,1.0,1.0,1.0,1.0,1.0,6.0,2.0,1.0,5.0,3.0,4.0,2,2,2,1,2,2,2,-1,-2,2,2,0,0,-1,0.0,16.0,1,0,1,0,1,0,0,1,0,1,0,1,1,0,0,0,0,1,0,0,0,0,0,60.0
1175,1.0,1.0,1.0,1.0,1.0,1.0,1.0,3.0,4.0,6.0,2.0,5.0,2,0,1,2,1,0,2,0,1,1,2,0,0,1,1.0,19.0,1,0,1,0,1,0,0,1,1,0,0,1,1,0,0,0,0,0,0,0,0,0,1,45.0
1176,1.0,1.0,1.0,1.0,1.0,1.0,2.0,1.0,3.0,4.0,5.0,6.0,0,0,0,0,0,0,0,0,0,0,0,0,0,0,0.0,12.0,1,1,0,0,0,1,1,0,0,0,1,0,1,0,0,0,1,0,0,0,0,0,0,45.0
1177,1.0,1.0,1.0,1.0,1.0,1.0,1.0,2.0,3.0,4.0,5.0,6.0,2,1,2,2,1,0,0,0,0,2,2,2,0,2,1.0,14.0,1,1,0,0,0,1,1,0,0,0,0,1,0,1,0,0,0,0,0,1,0,0,0,60.0
1179,1.0,1.0,1.0,1.0,1.0,1.0,3.0,4.0,5.0,6.0,1.0,2.0,2,2,2,0,2,0,-2,0,0,2,2,0,0,2,0.0,14.0,1,0,1,0,1,0,1,0,0,0,0,1,1,0,0,0,0,0,0,0,0,1,0,45.0
1180,1.0,1.0,1.0,1.0,1.0,1.0,3.0,4.0,5.0,2.0,1.0,6.0,2,2,2,1,2,1,2,1,1,2,2,1,1,2,0.0,14.0,1,0,1,0,1,0,1,0,0,0,1,0,1,0,0,0,0,0,0,1,0,0,0,45.0
1181,1.0,1.0,1.0,1.0,1.0,1.0,5.0,4.0,6.0,3.0,2.0,1.0,2,1,1,1,2,1,1,1,1,2,2,1,1,2,0.0,14.0,1,0,1,0,1,0,1,0,0,0,0,1,1,0,1,0,0,0,0,0,0,0,0,18.0
1182,1.0,1.0,1.0,1.0,1.0,1.0,4.0,5.0,6.0,2.0,3.0,1.0,2,1,2,-1,2,0,-2,1,0,1,2,-1,-1,2,1.0,16.0,1,0,1,0,0,1,1,0,0,0,0,1,1,0,0,0,0,1,0,0,0,0,0,30.0
1184,1.0,1.0,1.0,1.0,1.0,1.0,4.0,3.0,6.0,5.0,2.0,1.0,2,0,2,2,2,0,2,1,2,1,1,2,1,2,1.0,14.0,1,0,1,0,1,0,1,0,0,0,0,1,1,0,1,0,0,0,0,0,0,0,0,45.0
1185,1.0,1.0,1.0,1.0,1.0,1.0,6.0,1.0,2.0,3.0,4.0,5.0,2,2,2,-2,2,-2,2,-2,0,1,1,-2,0,-2,1.0,19.0,1,1,0,0,0,1,1,0,0,0,1,0,1,0,0,0,0,0,0,1,0,0,0,60.0
